{"type": "FeatureCollection", "features": [{"type": "Feature", "properties": {"name": "Kanton Mersch", "boundaryType": "kanton", "source": "OpenStreetMap/Nominatim", "osmType": "relation", "osmId": 407810}, "geometry": {"type": "Polygon", "coordinates": [[[5.9859216, 49.748591], [5.9861492, 49.748438], [5.9863852, 49.7482801], [5.9865162, 49.7481925], [5.9865208, 49.7481894], [5.9865422, 49.7481752], [5.9869296, 49.747916], [5.9870581, 49.74783], [5.9874636, 49.7475588], [5.9876615, 49.7474247], [5.9878039, 49.7473023], [5.9878362, 49.7472753], [5.9879654, 49.7471751], [5.9881233, 49.7470527], [5.9881721, 49.7470148], [5.9882099, 49.7469855], [5.988363, 49.7468413], [5.9883963, 49.74681], [5.9884228, 49.7467779], [5.9885088, 49.746674], [5.9886069, 49.7465554], [5.9888198, 49.746298], [5.9889027, 49.7461996], [5.9890247, 49.7460525], [5.9891537, 49.7458968], [5.9892631, 49.7457598], [5.9893728, 49.7456224], [5.9894723, 49.7454978], [5.9895135, 49.7454443], [5.9895428, 49.7454063], [5.9895702, 49.745367], [5.9895821, 49.7453517], [5.9896137, 49.7453112], [5.9896151, 49.7453094], [5.9896735, 49.7452353], [5.9897817, 49.745098], [5.9898013, 49.7450732], [5.989865, 49.7449923], [5.9899444, 49.7448906], [5.989963, 49.7448667], [5.9900159, 49.7447946], [5.9900672, 49.7447245], [5.9901291, 49.74464], [5.990879, 49.7449354], [5.9910084, 49.7447985], [5.9910198, 49.7447869], [5.9908321, 49.7447071], [5.9902581, 49.7444403], [5.989756, 49.7442049], [5.9886682, 49.7437119], [5.9882428, 49.7435408], [5.9876473, 49.7432727], [5.9869777, 49.7429651], [5.9870209, 49.742943], [5.9876572, 49.742634], [5.9881182, 49.7424063], [5.9883266, 49.7422757], [5.9888265, 49.7419288], [5.9885953, 49.7418064], [5.9886665, 49.7416569], [5.9887067, 49.74157], [5.9888113, 49.7413435], [5.9888539, 49.7412514], [5.9888976, 49.7411568], [5.9890771, 49.7412364], [5.989575, 49.7414573], [5.9896096, 49.7414727], [5.9897207, 49.7415219], [5.990534, 49.7418828], [5.990541, 49.7418729], [5.9906344, 49.7417405], [5.9906603, 49.7417038], [5.99135, 49.7419792], [5.9916386, 49.7420735], [5.9919055, 49.7421451], [5.9922738, 49.7422216], [5.9926393, 49.742293], [5.9927979, 49.7423217], [5.9928145, 49.742305], [5.9928387, 49.7422807], [5.9929154, 49.7422035], [5.9929338, 49.742185], [5.9930026, 49.7421159], [5.9930943, 49.7420238], [5.9932267, 49.7420929], [5.9932585, 49.7421095], [5.9934621, 49.7422158], [5.9937058, 49.7423431], [5.993988, 49.7420762], [5.9944868, 49.7416086], [5.994868, 49.7412243], [5.9951629, 49.740927], [5.9954307, 49.7410114], [5.9954561, 49.7410194], [5.9955059, 49.7410356], [5.9956057, 49.7410685], [5.9957688, 49.7411223], [5.9959328, 49.7411763], [5.9961052, 49.7412332], [5.9962836, 49.7412921], [5.9964758, 49.7413555], [5.9966755, 49.7414213], [5.9968352, 49.741474], [5.9969891, 49.7415248], [5.9971028, 49.7415623], [5.9972041, 49.7415957], [5.9974162, 49.7416656], [5.9976359, 49.7417381], [5.9977464, 49.7417745], [5.9975071, 49.7421151], [5.9973636, 49.7422886], [5.9972571, 49.7423937], [5.9973717, 49.7424439], [5.9974507, 49.7424757], [5.9974646, 49.7424813], [5.9975753, 49.7425259], [5.9977369, 49.7425911], [5.9977567, 49.742576], [5.9981681, 49.7422235], [5.9983638, 49.7420436], [5.9985126, 49.7418952], [5.9985857, 49.7418099], [5.9987111, 49.7416504], [5.9989379, 49.7413831], [5.9991521, 49.7411178], [5.9994263, 49.7407878], [5.9995927, 49.7406215], [5.9998222, 49.7404227], [6.0000309, 49.7402633], [6.0000385, 49.7402582], [6.0001618, 49.7401761], [6.0002368, 49.7401261], [6.0006092, 49.739728], [6.0009042, 49.7394043], [6.0009538, 49.7393443], [6.0015648, 49.7385538], [6.0019907, 49.7379634], [6.0020048, 49.7379365], [6.0022184, 49.7379179], [6.0025504, 49.7378767], [6.0030088, 49.7378011], [6.0031881, 49.7377625], [6.0034252, 49.7377013], [6.0036686, 49.7376273], [6.0041131, 49.7374934], [6.0046606, 49.737326], [6.0047137, 49.7372948], [6.0047981, 49.7372097], [6.0048967, 49.7371047], [6.004992, 49.7370291], [6.0050341, 49.7370064], [6.0051433, 49.7369682], [6.0052603, 49.7369361], [6.0054614, 49.7368976], [6.0055955, 49.736876], [6.0057685, 49.7368592], [6.0059213, 49.7368485], [6.0063499, 49.7368292], [6.0068439, 49.7368157], [6.0068638, 49.7367824], [6.0069185, 49.7366265], [6.0069616, 49.7365037], [6.0069834, 49.7364416], [6.0069959, 49.7364057], [6.007042, 49.7362744], [6.0067978, 49.7363016], [6.0066387, 49.7358795], [6.0066142, 49.7358144], [6.0065736, 49.7357066], [6.0066146, 49.7355785], [6.0066034, 49.7355609], [6.0057852, 49.7354078], [6.0055506, 49.7353604], [6.0052087, 49.735284], [6.0049043, 49.7352], [6.004615, 49.735104], [6.0043356, 49.7349943], [6.004161, 49.7349303], [6.0040114, 49.7348724], [6.0036664, 49.7347619], [6.0031624, 49.7346216], [6.0021968, 49.7343591], [6.0016305, 49.7342064], [6.0010091, 49.7340244], [6.0010171, 49.7340093], [6.0010852, 49.7339162], [6.0011612, 49.7338123], [6.0011695, 49.733801], [6.0012241, 49.7337263], [6.0012303, 49.7337179], [6.001255, 49.7336841], [6.0012583, 49.7336796], [6.0015133, 49.7333309], [6.0017163, 49.7330514], [6.002007, 49.7331289], [6.0026875, 49.7325816], [6.0027965, 49.7324808], [6.0028601, 49.732414], [6.0030814, 49.7321207], [6.0031663, 49.7320071], [6.0032483, 49.7318439], [6.003294, 49.7317082], [6.0033158, 49.7315045], [6.0033266, 49.731404], [6.003332, 49.7313536], [6.0048747, 49.7311404], [6.0048584, 49.7310936], [6.0047929, 49.7309056], [6.0047543, 49.7307947], [6.0047535, 49.7307923], [6.0047345, 49.7307396], [6.0047048, 49.7306573], [6.0046902, 49.7306168], [6.0046534, 49.7305147], [6.0046435, 49.7304873], [6.0046011, 49.7303698], [6.0045938, 49.7303527], [6.0045208, 49.7301872], [6.0044456, 49.7300166], [6.0044448, 49.7300147], [6.0044232, 49.7299656], [6.0043482, 49.7297955], [6.0043445, 49.7297866], [6.0043288, 49.7297482], [6.0042718, 49.7296091], [6.0042592, 49.7295781], [6.0042148, 49.7294697], [6.0041893, 49.7294076], [6.0041225, 49.7292444], [6.0040139, 49.728979], [6.0039845, 49.7289128], [6.0039712, 49.728883], [6.0039447, 49.7288232], [6.003857, 49.7286254], [6.003808, 49.728515], [6.0038098, 49.7284465], [6.0038226, 49.7279551], [6.004398, 49.7277236], [6.0045351, 49.7276684], [6.004792, 49.7274903], [6.0049767, 49.7273785], [6.0052387, 49.72722], [6.0050092, 49.7270471], [6.0049804, 49.7270383], [6.0048846, 49.727009], [6.0047812, 49.7269774], [6.0046854, 49.726948], [6.0045855, 49.7269174], [6.0043439, 49.7268435], [6.0041574, 49.7267864], [6.0040977, 49.7267681], [6.0041297, 49.7267291], [6.0044636, 49.7263222], [6.0047145, 49.7259927], [6.0049326, 49.7256913], [6.005054, 49.725527], [6.0052127, 49.725291], [6.0048947, 49.7251959], [6.0047445, 49.7251509], [6.0045989, 49.7251074], [6.0044025, 49.7250486], [6.0041723, 49.7249797], [6.0039477, 49.7249125], [6.0038559, 49.7248845], [6.0034489, 49.7247601], [6.00338, 49.724739], [6.0034679, 49.7245747], [6.0026869, 49.7243291], [6.0025424, 49.7242841], [6.0020725, 49.7241336], [6.0020108, 49.7241148], [6.0018522, 49.7240625], [6.0021524, 49.7237466], [6.0025837, 49.7232748], [6.0030576, 49.7227385], [6.0029034, 49.7226894], [6.002906, 49.7226857], [6.0032784, 49.7221675], [6.0035674, 49.721759], [6.0035777, 49.7217367], [6.0034172, 49.7217213], [6.0030608, 49.7216943], [6.0028521, 49.7216656], [6.0024349, 49.7215722], [6.0015531, 49.721343], [6.0007521, 49.7211363], [6.0007253, 49.7211292], [5.9994956, 49.7208739], [5.9995144, 49.7208494], [5.9996213, 49.7207181], [5.999699, 49.7206226], [5.9998453, 49.7204428], [5.9999115, 49.7203615], [5.9999559, 49.7203088], [6.0000641, 49.7201785], [6.0001358, 49.7200925], [6.0002471, 49.719959], [6.0003597, 49.7198301], [6.0004868, 49.7196844], [6.0005384, 49.7196229], [6.0003294, 49.7195196], [6.0002633, 49.719487], [5.9999739, 49.719344], [5.9997806, 49.7192485], [5.9995971, 49.7191624], [5.9992752, 49.7190204], [5.998926, 49.7188738], [5.9987128, 49.7187928], [5.9985111, 49.718735], [5.9980856, 49.7186143], [5.9975499, 49.7184717], [5.9975802, 49.718371], [5.9976032, 49.7182942], [5.9976616, 49.7180996], [5.9976776, 49.7180462], [5.9976998, 49.7179869], [5.9977174, 49.7179396], [5.9977589, 49.7178542], [5.9977787, 49.7178188], [5.9978079, 49.7177757], [5.9978309, 49.7177418], [5.997873, 49.7176909], [5.998005, 49.7175315], [5.998029, 49.7175026], [5.9981115, 49.7174029], [5.9981294, 49.7173812], [5.9981492, 49.7173574], [5.9981848, 49.7173114], [5.9982409, 49.7172392], [5.9980192, 49.7171328], [5.9977044, 49.7169851], [5.9974867, 49.7169054], [5.9972468, 49.7168329], [5.9970822, 49.7167914], [5.9969337, 49.716759], [5.9967726, 49.716725], [5.99708, 49.7163812], [5.9972255, 49.7162552], [5.9973455, 49.716143], [5.9974574, 49.7160384], [5.9975255, 49.7159748], [5.9975867, 49.7159147], [5.9976423, 49.7158601], [5.9977074, 49.7157962], [5.9977968, 49.7157085], [5.9979297, 49.7155852], [5.9980034, 49.7155177], [5.998138, 49.7154118], [5.9982116, 49.7153602], [5.9982942, 49.7153022], [5.9983844, 49.7152419], [5.9985521, 49.7151298], [5.9987213, 49.7150167], [5.9988524, 49.7149278], [5.9989832, 49.7148391], [5.9991158, 49.7147492], [5.9991182, 49.7147476], [5.9989547, 49.7146741], [5.9988504, 49.7146272], [5.9993684, 49.7142916], [5.9996527, 49.7140983], [5.99957, 49.7139767], [5.999497, 49.7138478], [5.9994454, 49.7137505], [5.9993939, 49.7136333], [5.9993246, 49.7134843], [5.9992622, 49.7133965], [5.9992033, 49.713341], [5.9991265, 49.7132892], [5.9987849, 49.7130833], [5.9987137, 49.7131196], [5.9985239, 49.7129456], [5.9984903, 49.7129164], [5.9983959, 49.7128282], [5.9983379, 49.7127758], [5.9982905, 49.712733], [5.998137, 49.7126188], [5.9980262, 49.7125421], [5.9979262, 49.7124775], [5.9977315, 49.7123479], [5.9975243, 49.7122187], [5.997342, 49.7121203], [5.997137, 49.7120249], [5.9974889, 49.7115835], [5.9975034, 49.7115424], [5.9975142, 49.7115133], [5.9975288, 49.7113435], [5.997531, 49.711318], [5.9975331, 49.7113123], [5.9975509, 49.7112631], [5.9975761, 49.7112231], [5.9975941, 49.711202], [5.997675, 49.7111039], [5.9977647, 49.7110028], [5.9977814, 49.710984], [5.9978212, 49.7109391], [5.9978884, 49.7108635], [5.9979935, 49.7107451], [5.9981567, 49.7105613], [5.9982796, 49.7104128], [5.9982933, 49.7103963], [5.9985611, 49.7100852], [5.9986334, 49.7100041], [5.9986699, 49.7099632], [5.9987516, 49.7098716], [5.9988703, 49.7097378], [5.9989024, 49.7097016], [5.9989634, 49.7096328], [5.9991529, 49.709419], [5.9992729, 49.7092837], [5.9993158, 49.7092304], [5.9994195, 49.7091016], [5.9994814, 49.7090248], [5.9995124, 49.7089881], [5.9997151, 49.708749], [5.9999146, 49.708536], [5.9999428, 49.7085036], [6.0000044, 49.7084331], [6.0000664, 49.7083691], [6.0001248, 49.7083087], [6.000233, 49.708208], [6.0002789, 49.7081652], [6.0003804, 49.7080707], [6.0004931, 49.7079659], [6.0005439, 49.7079222], [6.0007081, 49.7077812], [6.000889, 49.7076259], [6.000991, 49.7075488], [6.0011103, 49.7074587], [6.0012994, 49.7073158], [6.0013305, 49.7072923], [6.0013793, 49.7072505], [6.0015567, 49.7070986], [6.0016833, 49.7069853], [6.0018467, 49.7068609], [6.0020802, 49.70671], [6.0020994, 49.7066994], [6.0021185, 49.706689], [6.0022476, 49.7066264], [6.0024627, 49.7065275], [6.002588, 49.7064772], [6.0026438, 49.7064549], [6.0028572, 49.7063612], [6.0030168, 49.7062775], [6.0030865, 49.7062389], [6.0031552, 49.706188], [6.0033158, 49.7060885], [6.0035117, 49.7059655], [6.0035647, 49.7059323], [6.0037109, 49.7058405], [6.0037974, 49.7057862], [6.0038567, 49.7057499], [6.0038995, 49.7057238], [6.0041583, 49.7055706], [6.0041775, 49.7055592], [6.0041777, 49.705535], [6.0041793, 49.7055102], [6.0041822, 49.7054698], [6.0041899, 49.705455], [6.004198, 49.7054381], [6.0042079, 49.705423], [6.0039638, 49.7052583], [6.0037528, 49.7051464], [6.003544, 49.7050367], [6.0033251, 49.7049198], [6.0031194, 49.7048022], [6.0029161, 49.7046936], [6.0027328, 49.7045956], [6.0026158, 49.7045331], [6.0025407, 49.704493], [6.0024566, 49.7044481], [6.0025189, 49.7043545], [6.0025903, 49.7042722], [6.0026676, 49.70419], [6.0027502, 49.7041162], [6.0030373, 49.7039033], [6.0038496, 49.7033739], [6.0034748, 49.703104], [6.0030413, 49.7028528], [6.0028601, 49.7029138], [6.0027431, 49.7029507], [6.0026352, 49.7029897], [6.0026021, 49.7030039], [6.0025806, 49.7030196], [6.0025635, 49.7030321], [6.0024399, 49.7031249], [6.0024046, 49.7031676], [6.0023699, 49.7032131], [6.0023046, 49.7032714], [6.0022766, 49.70329], [6.0022089, 49.7033349], [6.0021307, 49.7033744], [6.0020245, 49.7034092], [6.0018676, 49.7034471], [6.0017549, 49.7034612], [6.0016792, 49.7034808], [6.0016209, 49.7034976], [6.0012266, 49.7031999], [6.0008999, 49.7029404], [6.0008348, 49.7028887], [6.0007922, 49.7028612], [6.0007607, 49.7028361], [6.0004616, 49.7025978], [6.0004718, 49.7025918], [5.9999179, 49.7021789], [5.9995923, 49.7019383], [5.99924, 49.7016927], [5.9991941, 49.7016614], [5.9992166, 49.7016036], [5.9992337, 49.7015597], [5.9992403, 49.7015427], [5.9992569, 49.7015001], [5.9992644, 49.7014806], [5.99928, 49.7014406], [5.9993074, 49.7013936], [5.999372, 49.7012987], [5.9994755, 49.7011496], [5.999543, 49.7010738], [5.9996185, 49.700989], [5.999667, 49.7009347], [5.9997187, 49.7008755], [5.9997897, 49.7007941], [5.9998058, 49.7007758], [5.9998484, 49.7007269], [5.9999158, 49.7006498], [5.999959, 49.7006004], [5.9999917, 49.7005598], [6.000005, 49.700544], [6.0000635, 49.7004743], [5.9996316, 49.7003826], [5.9990819, 49.7002133], [5.9987294, 49.7001104], [5.9984369, 49.7000361], [5.9982108, 49.6999726], [5.9980838, 49.6999508], [5.9979318, 49.6999284], [5.9977779, 49.6999081], [5.9976422, 49.6998939], [5.9975936, 49.6998888], [5.9977418, 49.6995426], [5.997756, 49.6995095], [5.9978282, 49.6993406], [5.9978595, 49.6992562], [5.9978824, 49.6991944], [5.9978918, 49.6991668], [5.9979183, 49.6990889], [5.9979401, 49.6990247], [5.9979809, 49.6989048], [5.9980059, 49.6986698], [5.9979409, 49.6983276], [5.997841, 49.6982525], [5.9977425, 49.6981785], [5.9973642, 49.6978943], [5.9969234, 49.6975575], [5.9972856, 49.6973388], [5.9977609, 49.6970586], [5.9979582, 49.6969485], [5.9980657, 49.6969012], [5.9981804, 49.6968665], [5.9982503, 49.6968487], [5.998338, 49.6968361], [5.9985905, 49.6968122], [5.9987963, 49.6967998], [5.9990754, 49.6968156], [5.9992866, 49.6968312], [5.999505, 49.6968599], [5.9996751, 49.6968918], [5.9999233, 49.6969506], [5.9999012, 49.6970603], [5.9999796, 49.6970887], [6.0002858, 49.6972833], [6.0007055, 49.6974376], [6.0011158, 49.6975885], [6.0015199, 49.6977862], [6.0015631, 49.6978073], [6.0022008, 49.6981192], [6.0029037, 49.6982436], [6.003293, 49.6981697], [6.0036859, 49.6982231], [6.0043315, 49.6982637], [6.0046059, 49.6981132], [6.004975, 49.6979107], [6.005254, 49.6979217], [6.0060259, 49.6979141], [6.0060386, 49.6978575], [6.0060461, 49.6978236], [6.0060932, 49.6976135], [6.0061115, 49.6975211], [6.0061457, 49.6973484], [6.0061478, 49.6973377], [6.0061595, 49.6972788], [6.0061807, 49.6971719], [6.0061855, 49.6971476], [6.0061989, 49.6970801], [6.0062057, 49.6970456], [6.0062191, 49.6969775], [6.006234, 49.696902], [6.0062486, 49.6968467], [6.0062545, 49.6968243], [6.0062617, 49.696797], [6.0062773, 49.6967374], [6.0063038, 49.6966583], [6.0063142, 49.6966271], [6.0063602, 49.6964893], [6.0060891, 49.6964299], [6.0064472, 49.6958872], [6.0065236, 49.6957705], [6.0065373, 49.6957492], [6.0057497, 49.6954759], [6.005765, 49.6954554], [6.0060988, 49.695065], [6.0061397, 49.6950208], [6.0063597, 49.6950697], [6.0066064, 49.6951203], [6.0066637, 49.6951678], [6.0067127, 49.6953971], [6.0067526, 49.6954626], [6.0068195, 49.6955034], [6.0069209, 49.6955182], [6.0071966, 49.695487], [6.0073766, 49.6954601], [6.0077695, 49.6952907], [6.0079418, 49.6952706], [6.0080489, 49.6953013], [6.0081425, 49.6953533], [6.008242, 49.6953794], [6.0085597, 49.6953799], [6.0088391, 49.6953893], [6.0088698, 49.6953622], [6.0089423, 49.6952876], [6.0090062, 49.695222], [6.0090505, 49.6951764], [6.0091583, 49.6950655], [6.0093479, 49.6948706], [6.0095256, 49.6946818], [6.0095672, 49.6946376], [6.0104049, 49.6948719], [6.0106323, 49.694642], [6.0106847, 49.694589], [6.0107971, 49.694467], [6.0108457, 49.6944143], [6.0108744, 49.6943831], [6.011004, 49.6942425], [6.0113403, 49.6943507], [6.0116815, 49.6944606], [6.0120245, 49.694571], [6.0121182, 49.6946073], [6.0122813, 49.6946788], [6.0123333, 49.6947016], [6.0125005, 49.6947749], [6.0129304, 49.6949793], [6.0132263, 49.6952151], [6.0133242, 49.6952861], [6.0134555, 49.6953814], [6.0138622, 49.6956925], [6.0140894, 49.6958571], [6.014498, 49.6961693], [6.0147633, 49.696396], [6.0149848, 49.6965668], [6.0151052, 49.6966398], [6.0152695, 49.6967168], [6.0154301, 49.6967859], [6.0156929, 49.6969007], [6.0157538, 49.6969222], [6.0158373, 49.6969516], [6.0162281, 49.6970675], [6.0163016, 49.6970893], [6.0163638, 49.6970204], [6.0167007, 49.6971426], [6.0168589, 49.6971956], [6.0169689, 49.6972196], [6.0170773, 49.6972381], [6.0172047, 49.6972403], [6.0174146, 49.6972395], [6.0175774, 49.6972316], [6.0180171, 49.6972103], [6.0185214, 49.6971785], [6.0185477, 49.6972293], [6.0186079, 49.6973453], [6.0186463, 49.6974193], [6.0189356, 49.6973506], [6.0191802, 49.6972814], [6.0192939, 49.6972521], [6.0195162, 49.6971661], [6.0197233, 49.6970696], [6.0198101, 49.6970291], [6.019916, 49.6969797], [6.0200359, 49.6969271], [6.0203486, 49.6967899], [6.0206529, 49.6966565], [6.0208328, 49.6965753], [6.0210162, 49.6965063], [6.0211133, 49.6964737], [6.0211739, 49.6964534], [6.0212792, 49.6964214], [6.0213191, 49.6964093], [6.0213668, 49.6963947], [6.0215064, 49.696337], [6.021765, 49.6962043], [6.0219856, 49.6960934], [6.0221235, 49.6960296], [6.0222296, 49.6959888], [6.0225362, 49.695871], [6.0227765, 49.6960999], [6.0228961, 49.6962107], [6.0229386, 49.6962502], [6.0230539, 49.6963522], [6.0232, 49.6964788], [6.0234654, 49.6967043], [6.0235212, 49.6967529], [6.0237183, 49.6969175], [6.0237853, 49.6969687], [6.0238555, 49.6970256], [6.0238899, 49.6970795], [6.0239061, 49.6971041], [6.0242896, 49.6970776], [6.0245787, 49.6970028], [6.0248239, 49.6969239], [6.0250899, 49.6968653], [6.0254843, 49.6968713], [6.0257135, 49.6968682], [6.0258988, 49.6968224], [6.0264486, 49.6965397], [6.0271664, 49.6962514], [6.0275604, 49.6961566], [6.0278086, 49.6960758], [6.0279939, 49.6960521], [6.0281275, 49.6960213], [6.0283279, 49.6959313], [6.0286447, 49.6958874], [6.0289675, 49.695851], [6.0292564, 49.6958276], [6.0295822, 49.6957451], [6.0296838, 49.6957397], [6.0299047, 49.6958044], [6.0302062, 49.6958932], [6.0304022, 49.6959301], [6.0306262, 49.6959561], [6.0308562, 49.6959527], [6.0310653, 49.6959695], [6.0311966, 49.6960047], [6.0313816, 49.6961099], [6.0315171, 49.6962025], [6.0316287, 49.6962495], [6.0318466, 49.6963093], [6.031928, 49.6963247], [6.0319998, 49.6963205], [6.0320697, 49.6962817], [6.0322314, 49.6961747], [6.0324386, 49.6961281], [6.0325724, 49.6961198], [6.0327362, 49.6961699], [6.0329031, 49.6962203], [6.0330226, 49.6962773], [6.0331175, 49.6963752], [6.0331354, 49.6963846], [6.0331839, 49.6963226], [6.0331663, 49.6963035], [6.0331456, 49.6962743], [6.0330578, 49.6961506], [6.0329539, 49.6960093], [6.0329093, 49.6959456], [6.0328969, 49.6959277], [6.0328772, 49.6959014], [6.0328566, 49.6958738], [6.0328351, 49.6958315], [6.0328277, 49.6958083], [6.032825, 49.6957713], [6.0328345, 49.6957361], [6.0328515, 49.6956962], [6.0328893, 49.6956261], [6.0329477, 49.6955302], [6.0330553, 49.6953754], [6.0330772, 49.6953439], [6.0331292, 49.6952044], [6.0331614, 49.6951363], [6.0331896, 49.6950766], [6.0332228, 49.6950061], [6.0332624, 49.6949223], [6.0332479, 49.6948643], [6.0332358, 49.6948086], [6.0332202, 49.694754], [6.033433, 49.6948237], [6.0335845, 49.6948733], [6.0336342, 49.6948893], [6.0343517, 49.6951334], [6.0346565, 49.6952037], [6.0350243, 49.6953282], [6.0354094, 49.6954618], [6.0355045, 49.6954947], [6.0355158, 49.695483], [6.0355453, 49.6954522], [6.0356177, 49.6953768], [6.0356983, 49.695297], [6.0357507, 49.6952452], [6.0358734, 49.6951239], [6.0359272, 49.6950708], [6.036038, 49.6949628], [6.0360612, 49.6949402], [6.0361475, 49.6948561], [6.0361937, 49.6948115], [6.0362308, 49.6947757], [6.0362488, 49.6947584], [6.0363399, 49.6946704], [6.0364199, 49.6945899], [6.0366091, 49.6943993], [6.0367805, 49.6942304], [6.0369454, 49.6940654], [6.0369669, 49.6940439], [6.037186, 49.6938247], [6.0374094, 49.6935954], [6.0375373, 49.693464], [6.0376198, 49.6933793], [6.0378041, 49.6931913], [6.0376679, 49.6931106], [6.0375357, 49.6929319], [6.0369316, 49.6926297], [6.03661, 49.692467], [6.0364261, 49.692374], [6.0360814, 49.6922028], [6.0358978, 49.6921107], [6.0359357, 49.6920841], [6.0361691, 49.6919204], [6.0363113, 49.6918208], [6.0363807, 49.6917721], [6.0366671, 49.6915847], [6.0368437, 49.6914611], [6.0370588, 49.6913129], [6.0372453, 49.6914153], [6.0373827, 49.6914853], [6.0376738, 49.6916244], [6.0378187, 49.6916889], [6.0380272, 49.6917654], [6.0382483, 49.6918402], [6.0384889, 49.6919217], [6.0387395, 49.692005], [6.0388202, 49.6920318], [6.0391582, 49.6921535], [6.0393465, 49.6922226], [6.0395431, 49.6923023], [6.0396791, 49.6923551], [6.0399751, 49.6924735], [6.0401861, 49.6925513], [6.0404195, 49.6926375], [6.0408166, 49.6928021], [6.0410328, 49.6928949], [6.0412085, 49.6929681], [6.0413951, 49.6930598], [6.0416229, 49.6931685], [6.0417798, 49.6932365], [6.0420288, 49.6933452], [6.0421753, 49.6934089], [6.042433, 49.6935198], [6.0426336, 49.6935932], [6.0428668, 49.6936804], [6.042982, 49.6937095], [6.0431442, 49.6937549], [6.0432939, 49.6937872], [6.043533, 49.6938176], [6.0437611, 49.6938447], [6.0440072, 49.6938708], [6.0442548, 49.6938936], [6.0444904, 49.6939154], [6.0447389, 49.6939428], [6.0448158, 49.6939513], [6.0450793, 49.6939817], [6.04528, 49.693997], [6.0457036, 49.6940286], [6.0458014, 49.6940416], [6.0459392, 49.6940676], [6.0461639, 49.6941011], [6.0466903, 49.6941583], [6.0468476, 49.6939094], [6.0470653, 49.6935649], [6.0472543, 49.6936242], [6.0477714, 49.6937742], [6.0480239, 49.6938439], [6.0482012, 49.6938929], [6.0486498, 49.694015], [6.0491143, 49.6941397], [6.0491657, 49.6940863], [6.049207, 49.6940433], [6.0494731, 49.6941674], [6.049911, 49.6943733], [6.0503191, 49.6945735], [6.0505763, 49.6947071], [6.0510033, 49.6949283], [6.0514089, 49.6951416], [6.0513476, 49.6951827], [6.051099, 49.6953492], [6.0513523, 49.6955138], [6.0516945, 49.6957516], [6.0519391, 49.6959158], [6.0522507, 49.6961251], [6.0525448, 49.6963152], [6.052791, 49.6964768], [6.0528525, 49.6965476], [6.0530925, 49.6967438], [6.0533504, 49.6969657], [6.0533856, 49.6969489], [6.0536924, 49.6971937], [6.0537211, 49.6972165], [6.0540241, 49.6974367], [6.0541728, 49.6975312], [6.0542656, 49.6975901], [6.0545006, 49.6976528], [6.054648, 49.6976857], [6.0550579, 49.697667], [6.0551822, 49.6975013], [6.0552201, 49.6974508], [6.0552412, 49.6974226], [6.0552711, 49.6973827], [6.0553724, 49.6972452], [6.0554139, 49.6971889], [6.0554796, 49.6970996], [6.0554962, 49.6970771], [6.055545, 49.6970108], [6.0556393, 49.696914], [6.0556694, 49.6968831], [6.0557369, 49.6968138], [6.0559359, 49.6966059], [6.0564463, 49.6967622], [6.0568856, 49.6968949], [6.0574864, 49.6970797], [6.0580896, 49.6972599], [6.0584986, 49.6973844], [6.0589164, 49.6975125], [6.0588225, 49.6976825], [6.0587518, 49.6978271], [6.0587216, 49.6978949], [6.0586554, 49.6980435], [6.0586279, 49.6981099], [6.0585233, 49.6983632], [6.0589218, 49.6984244], [6.0591543, 49.69846], [6.0593135, 49.6984841], [6.059371, 49.6984893], [6.059359, 49.6985016], [6.0592669, 49.698596], [6.0592155, 49.6986494], [6.0591514, 49.6987159], [6.0590984, 49.6987713], [6.0590354, 49.6988371], [6.058973, 49.6989003], [6.0589146, 49.6989595], [6.0588246, 49.6990539], [6.0587751, 49.6991385], [6.0587592, 49.6991658], [6.0587314, 49.6992142], [6.0587088, 49.6992534], [6.0586819, 49.6993071], [6.0586458, 49.6993647], [6.0585417, 49.6995643], [6.0584433, 49.6997367], [6.0583652, 49.6998816], [6.0581968, 49.7001903], [6.0580628, 49.7004387], [6.0580362, 49.7004879], [6.0580127, 49.7005302], [6.0579098, 49.7007145], [6.0578309, 49.7008562], [6.0577716, 49.7009627], [6.0576887, 49.7011202], [6.0578226, 49.7011786], [6.0580085, 49.7012616], [6.0582501, 49.701372], [6.0584799, 49.7014124], [6.0586959, 49.7014458], [6.0590814, 49.7014695], [6.0593558, 49.701429], [6.0595339, 49.7014247], [6.0597506, 49.7014221], [6.0595201, 49.7015622], [6.0593735, 49.7016537], [6.0592138, 49.7018216], [6.0591683, 49.7018695], [6.0589938, 49.7020541], [6.0587468, 49.7022298], [6.058614, 49.7023266], [6.0584998, 49.7025558], [6.0583837, 49.7028071], [6.0584386, 49.7028096], [6.05847, 49.7028139], [6.0584989, 49.7028239], [6.0585256, 49.702839], [6.0585523, 49.7028669], [6.0585766, 49.7028877], [6.0585905, 49.702897], [6.058623, 49.7029042], [6.0586578, 49.7029057], [6.0586926, 49.7028985], [6.0587205, 49.702895], [6.0589422, 49.7029413], [6.058987, 49.7029507], [6.0590914, 49.7029758], [6.0591703, 49.7029988], [6.0592991, 49.7030304], [6.059458, 49.7030584], [6.0595257, 49.7030728], [6.0595814, 49.7030936], [6.0596325, 49.7031144], [6.0596673, 49.7031216], [6.0597183, 49.7031259], [6.0597598, 49.7031302], [6.0597878, 49.7031366], [6.0598469, 49.703166], [6.0598725, 49.7031717], [6.0599316, 49.7031725], [6.0600396, 49.7031611], [6.0602262, 49.7031492], [6.060376, 49.7031457], [6.0604979, 49.703148], [6.0606297, 49.7031602], [6.0607794, 49.7031761], [6.0608268, 49.7031834], [6.0609302, 49.7031992], [6.0610587, 49.703222], [6.0610765, 49.703228], [6.0611039, 49.7032371], [6.0611491, 49.7032572], [6.0611967, 49.7032672], [6.0612594, 49.7032787], [6.0613313, 49.7033039], [6.0613811, 49.7033304], [6.0614527, 49.7033768], [6.0615245, 49.7034162], [6.0616034, 49.703447], [6.0617055, 49.7034729], [6.0618018, 49.7034894], [6.0618617, 49.7034972], [6.0619176, 49.7034995], [6.0620256, 49.7034932], [6.0621254, 49.7034919], [6.0622213, 49.7034976], [6.0623257, 49.7035056], [6.0624232, 49.7035185], [6.0625009, 49.7035365], [6.0625369, 49.7035544], [6.0625798, 49.7035824], [6.062621, 49.7036208], [6.0626407, 49.7036366], [6.0626685, 49.7036473], [6.0627045, 49.7036517], [6.062737, 49.7036474], [6.0627893, 49.7036289], [6.0628404, 49.7036103], [6.0628822, 49.703611], [6.0629239, 49.7036204], [6.0629553, 49.7036226], [6.0629994, 49.703614], [6.0630435, 49.7036055], [6.0630799, 49.7036023], [6.0631164, 49.7036085], [6.0631778, 49.7036207], [6.0632347, 49.7036229], [6.0632893, 49.7036215], [6.0633729, 49.7036166], [6.0634437, 49.7036209], [6.063579, 49.7036303], [6.0636313, 49.7036297], [6.0637009, 49.703619], [6.0637388, 49.7036136], [6.0637809, 49.7036105], [6.0638923, 49.7036156], [6.0639608, 49.7036113], [6.0640165, 49.7036071], [6.064047, 49.7036059], [6.064071, 49.7036049], [6.0641396, 49.7036022], [6.0641963, 49.7036015], [6.064238, 49.7036059], [6.0643065, 49.7036181], [6.0643402, 49.7036188], [6.0643583, 49.7036174], [6.0643854, 49.7036153], [6.0644679, 49.7036018], [6.0645724, 49.703589], [6.0647169, 49.7035727], [6.0648365, 49.7035692], [6.0649572, 49.7035715], [6.0650564, 49.7035799], [6.0651286, 49.703586], [6.0652006, 49.7035882], [6.0652517, 49.7035811], [6.0653609, 49.7035611], [6.0654639, 49.70354], [6.0655254, 49.703542], [6.0655835, 49.703542], [6.0656473, 49.7035314], [6.0657345, 49.7035078], [6.0658195, 49.7034872], [6.0658729, 49.7034742], [6.0659455, 49.7034566], [6.0660105, 49.7034417], [6.0660523, 49.7034374], [6.066086, 49.703441], [6.066115, 49.7034503], [6.0661738, 49.7034726], [6.0661972, 49.7034777], [6.0662097, 49.7034805], [6.0662585, 49.7034813], [6.0663475, 49.7034842], [6.0664067, 49.7034871], [6.0664554, 49.7034943], [6.0665424, 49.7035101], [6.0665681, 49.7035122], [6.0665883, 49.7035125], [6.0667678, 49.7035146], [6.0669106, 49.7035148], [6.0670055, 49.7035194], [6.0670325, 49.7035212], [6.0670726, 49.7035239], [6.0671177, 49.703527], [6.0671748, 49.7035225], [6.0673122, 49.7034942], [6.0674319, 49.7034621], [6.0674905, 49.7034463], [6.0675287, 49.703436], [6.0675535, 49.7034326], [6.0676439, 49.7034299], [6.0676945, 49.7034259], [6.0677794, 49.7034078], [6.0678406, 49.7033978], [6.0679106, 49.703395], [6.0679422, 49.7033925], [6.0679807, 49.7033894], [6.0680397, 49.7033807], [6.068069, 49.7033764], [6.068093, 49.7033708], [6.0681104, 49.7033641], [6.0681492, 49.7033492], [6.0681774, 49.7033356], [6.06823, 49.7033031], [6.0682968, 49.7032594], [6.0683628, 49.7032238], [6.0683944, 49.7032068], [6.068449, 49.7031729], [6.0685049, 49.7031324], [6.0685477, 49.7031021], [6.0685685, 49.703092], [6.0685877, 49.7030909], [6.0686046, 49.70309], [6.0686366, 49.7030924], [6.0686494, 49.7030934], [6.0686713, 49.7030928], [6.0686996, 49.7030816], [6.0687173, 49.7030746], [6.0688115, 49.7030322], [6.069176, 49.7028809], [6.0693246, 49.7028179], [6.0693608, 49.7027459], [6.0694212, 49.7026454], [6.0695291, 49.7025335], [6.069545, 49.7025173], [6.0696449, 49.7024164], [6.0696853, 49.7023716], [6.069727, 49.7023184], [6.0697524, 49.7022064], [6.0697723, 49.7021135], [6.06978, 49.702069], [6.0697824, 49.7019685], [6.0697738, 49.7018263], [6.0697634, 49.7016889], [6.0697559, 49.7015892], [6.0697484, 49.7014909], [6.0697972, 49.7014315], [6.0698383, 49.7013812], [6.0698718, 49.7013418], [6.069951, 49.7012484], [6.0699721, 49.7012235], [6.0700154, 49.7011741], [6.0700244, 49.7011639], [6.0700729, 49.7011085], [6.0701239, 49.701053], [6.0701728, 49.7009999], [6.0703266, 49.7008358], [6.0703798, 49.7007792], [6.0704398, 49.7007163], [6.0705248, 49.7006272], [6.0705924, 49.7005564], [6.0706223, 49.7005243], [6.0707634, 49.7003732], [6.0708061, 49.7003274], [6.0708324, 49.7002992], [6.0709837, 49.7001369], [6.0710785, 49.7000367], [6.0711676, 49.6999425], [6.0714537, 49.6996388], [6.071538, 49.6995461], [6.0716412, 49.6993931], [6.0718682, 49.6990468], [6.0719878, 49.6988299], [6.0719978, 49.6988149], [6.0722132, 49.6986952], [6.0724467, 49.6985622], [6.0726801, 49.698431], [6.0727444, 49.6983948], [6.0727861, 49.6983714], [6.0727575, 49.6983425], [6.0725775, 49.6981479], [6.0724123, 49.6979544], [6.0722842, 49.6978065], [6.0721603, 49.6976598], [6.0720324, 49.6974996], [6.072017, 49.6974795], [6.0720894, 49.6973834], [6.0722522, 49.6971187], [6.0723532, 49.6969462], [6.0719875, 49.6967321], [6.0717394, 49.6965893], [6.0717872, 49.6965527], [6.0718676, 49.6964835], [6.0721073, 49.6962601], [6.0723548, 49.6960221], [6.0725823, 49.6958065], [6.0726507, 49.6957671], [6.0727585, 49.6956702], [6.0728613, 49.6955823], [6.0730624, 49.6954478], [6.0733629, 49.6952503], [6.0735302, 49.6951445], [6.0736569, 49.6950657], [6.0738611, 49.6949529], [6.0740472, 49.6948614], [6.0743334, 49.6947289], [6.0746871, 49.6945717], [6.0750401, 49.6944189], [6.0752191, 49.694336], [6.0753203, 49.6943384], [6.0753665, 49.6943925], [6.0754208, 49.694396], [6.0756305, 49.6944095], [6.0758204, 49.6944248], [6.075905, 49.6944348], [6.075973, 49.6944492], [6.0760871, 49.6944674], [6.0761744, 49.6944758], [6.0762629, 49.6944842], [6.0763437, 49.6944964], [6.0763886, 49.6945048], [6.0764502, 49.6945079], [6.0765066, 49.6945049], [6.0765618, 49.6944973], [6.0765934, 49.694492], [6.0766165, 49.6944958], [6.0766588, 49.6945125], [6.0767588, 49.6945564], [6.0769492, 49.6946274], [6.0771185, 49.6946851], [6.0772531, 49.694723], [6.0775532, 49.6947974], [6.07772, 49.6948437], [6.0777879, 49.6948589], [6.0778816, 49.6948704], [6.0779508, 49.6948818], [6.0779816, 49.6948924], [6.0780053, 49.6949056], [6.0780604, 49.6949428], [6.0780963, 49.6949617], [6.0781451, 49.6949739], [6.0782015, 49.6949777], [6.0782888, 49.6949838], [6.0783529, 49.6949899], [6.07839, 49.6949984], [6.0784361, 49.6950197], [6.0784874, 49.6950356], [6.0785464, 49.6950417], [6.0785977, 49.695038], [6.0786555, 49.6950289], [6.0787441, 49.695007], [6.078789, 49.6950003], [6.0788519, 49.694998], [6.0788839, 49.6950034], [6.0789173, 49.6950155], [6.0789506, 49.6950337], [6.0789916, 49.6950595], [6.0790137, 49.6950811], [6.0790611, 49.6951205], [6.0791022, 49.6951387], [6.0791381, 49.695144], [6.0791933, 49.6951388], [6.0792715, 49.6951252], [6.0793203, 49.6951237], [6.0793793, 49.6951328], [6.0794357, 49.6951473], [6.0795101, 49.6951761], [6.0795947, 49.695211], [6.0796973, 49.6952391], [6.0797469, 49.6952517], [6.0798469, 49.6952775], [6.079947, 49.6952866], [6.0800496, 49.6952958], [6.0801715, 49.6953126], [6.0803049, 49.6953217], [6.0804024, 49.69534], [6.0804601, 49.6953597], [6.0805383, 49.6954044], [6.0805767, 49.6954241], [6.080628, 49.6954363], [6.080695, 49.6954406], [6.0808079, 49.6954438], [6.0808836, 49.6954491], [6.080958, 49.6954651], [6.0810375, 49.6954977], [6.0810991, 49.6955219], [6.0811683, 49.6955394], [6.0812222, 49.6955463], [6.0812773, 49.6955592], [6.0813286, 49.6955789], [6.081435, 49.6956236], [6.0815056, 49.695657], [6.0815973, 49.6957081], [6.0816896, 49.6957604], [6.0817331, 49.6957854], [6.0817652, 49.695799], [6.0818037, 49.6958127], [6.0819114, 49.69584], [6.0820576, 49.6958818], [6.0821358, 49.695906], [6.0821666, 49.6959205], [6.0822256, 49.6959508], [6.0823841, 49.6960399], [6.0826238, 49.6961718], [6.0827059, 49.6962249], [6.0827174, 49.6962347], [6.0827174, 49.6962461], [6.0827122, 49.696262], [6.082716, 49.6962862], [6.0827288, 49.6962953], [6.0827506, 49.6963059], [6.0828122, 49.6963234], [6.0828404, 49.6963362], [6.0828578, 49.6963501], [6.0829027, 49.6963857], [6.0829232, 49.6964008], [6.0829488, 49.6964092], [6.083004, 49.6964206], [6.0830348, 49.6964342], [6.0830553, 49.6964517], [6.083077, 49.6964774], [6.0831077, 49.6965418], [6.0831422, 49.6966024], [6.0831678, 49.6966387], [6.0832204, 49.6966895], [6.0832302, 49.6967102], [6.0832327, 49.6967322], [6.0832198, 49.6967526], [6.083198, 49.69677], [6.0831967, 49.6967844], [6.0832095, 49.6967995], [6.0832338, 49.6968132], [6.0833082, 49.6968344], [6.083457, 49.6968701], [6.0834929, 49.6968807], [6.0835301, 49.6969004], [6.0835826, 49.6969232], [6.0836224, 49.6969406], [6.0836544, 49.6969618], [6.0836711, 49.6969808], [6.0836992, 49.6970255], [6.0837197, 49.6970452], [6.0837479, 49.6970641], [6.0838184, 49.6970982], [6.083877, 49.6971257], [6.0839244, 49.6971614], [6.0839526, 49.6971909], [6.0839922, 49.6972523], [6.0840217, 49.6972863], [6.0840473, 49.6973106], [6.0840768, 49.6973303], [6.084114, 49.697347], [6.0841524, 49.6973606], [6.0842371, 49.6973758], [6.0843513, 49.6973971], [6.084468, 49.6974207], [6.0846386, 49.6974639], [6.0847412, 49.6974928], [6.0847719, 49.697511], [6.0848036, 49.6975331], [6.0848279, 49.697546], [6.0848574, 49.6975589], [6.0849151, 49.6975983], [6.085024, 49.6976711], [6.0850484, 49.6976787], [6.0850869, 49.697684], [6.0851035, 49.6976931], [6.0851112, 49.6977075], [6.0851138, 49.6977279], [6.0851278, 49.69774], [6.0851612, 49.6977582], [6.0851791, 49.6977651], [6.0852125, 49.6977666], [6.0852343, 49.6977613], [6.0852536, 49.69775], [6.0852741, 49.6977462], [6.0852998, 49.6977583], [6.0853157, 49.6977739], [6.0853477, 49.697802], [6.0854015, 49.6978293], [6.0854964, 49.6978649], [6.0855593, 49.697893], [6.0856259, 49.6979218], [6.0856759, 49.6979559], [6.0856913, 49.6979786], [6.0857028, 49.6979991], [6.0857156, 49.6980066], [6.0857374, 49.6980112], [6.0857592, 49.6980203], [6.0857784, 49.6980385], [6.0858002, 49.6980642], [6.0858143, 49.6980733], [6.0858336, 49.6980779], [6.0858554, 49.6980779], [6.0858733, 49.6980718], [6.0858887, 49.6980703], [6.0859144, 49.6980825], [6.0859439, 49.6980976], [6.0859605, 49.6981143], [6.0859784, 49.6981514], [6.0860078, 49.6981976], [6.0860143, 49.6982074], [6.0860368, 49.6982168], [6.0860535, 49.6982274], [6.0860612, 49.6982425], [6.0860752, 49.6982773], [6.0860945, 49.698297], [6.0861111, 49.6983046], [6.086165, 49.6983168], [6.0861958, 49.6983236], [6.0862137, 49.6983342], [6.0862278, 49.6983509], [6.0862316, 49.6983812], [6.086238, 49.6984046], [6.0862508, 49.698419], [6.0862662, 49.6984259], [6.0862829, 49.6984244], [6.0862919, 49.698416], [6.0863047, 49.6984032], [6.0863265, 49.6984009], [6.0863445, 49.6984123], [6.0863496, 49.6984244], [6.086338, 49.6984441], [6.08632, 49.6984683], [6.0863238, 49.698488], [6.0863341, 49.6985031], [6.0864148, 49.6985516], [6.0864892, 49.6985948], [6.0865187, 49.6986054], [6.0865392, 49.6986077], [6.0865674, 49.6986032], [6.086588, 49.6985926], [6.0866047, 49.6985805], [6.0866201, 49.6985805], [6.0866419, 49.6985843], [6.0866873, 49.6986059], [6.0867168, 49.6986203], [6.0867322, 49.6986378], [6.0867398, 49.6986749], [6.0867526, 49.6986983], [6.0867718, 49.6987105], [6.0867937, 49.6987165], [6.0868193, 49.6987128], [6.0869246, 49.6987], [6.0870876, 49.6986759], [6.0872942, 49.6986548], [6.0874397, 49.6986427], [6.0875787, 49.698636], [6.087694, 49.6986309], [6.0879042, 49.698628], [6.0883327, 49.6986321], [6.0887414, 49.6986414], [6.0897326, 49.6986822], [6.0903558, 49.6986917], [6.0903979, 49.6986926], [6.0904546, 49.698558], [6.0904947, 49.6984171], [6.0905281, 49.6982917], [6.0905583, 49.6980803], [6.0905741, 49.6979156], [6.0905882, 49.6978188], [6.0906104, 49.6977913], [6.0907002, 49.6977443], [6.0908299, 49.6976961], [6.0909141, 49.6976588], [6.0909859, 49.6976083], [6.0910148, 49.6975711], [6.0910282, 49.6975123], [6.091005, 49.6974286], [6.090899, 49.6972632], [6.0907952, 49.6971817], [6.0906248, 49.6970508], [6.0905886, 49.6970099], [6.0905709, 49.6969557], [6.0905632, 49.6969165], [6.0905789, 49.6968192], [6.0905702, 49.6967667], [6.0905459, 49.6966856], [6.0905416, 49.6966275], [6.0905639, 49.6965373], [6.0905552, 49.6964445], [6.0905342, 49.6963853], [6.090469, 49.6963316], [6.0903273, 49.6962819], [6.090271, 49.6962507], [6.0902367, 49.6962056], [6.0902114, 49.6961272], [6.0901938, 49.6960285], [6.0901708, 49.6959119], [6.0901643, 49.6958197], [6.0901887, 49.6957818], [6.090273, 49.6957407], [6.090511, 49.6957039], [6.0910535, 49.6956187], [6.0911566, 49.6955933], [6.0912053, 49.6955665], [6.0912364, 49.6955339], [6.0912498, 49.6954907], [6.0912432, 49.6954331], [6.0912077, 49.6954075], [6.0911015, 49.6953623], [6.0909288, 49.6952942], [6.0908447, 49.695253], [6.0908016, 49.6951968], [6.0907498, 49.6950978], [6.0906492, 49.6949971], [6.0906149, 49.6949501], [6.090615, 49.6949148], [6.0906328, 49.6948677], [6.0907358, 49.6947891], [6.0908977, 49.6946892], [6.0909964, 49.6946206], [6.0910141, 49.6945805], [6.0910231, 49.694487], [6.0910134, 49.6942923], [6.0909771, 49.6941411], [6.0909109, 49.6939796], [6.0907927, 49.6938654], [6.0906621, 49.6938216], [6.0905448, 49.6937705], [6.0904873, 49.6937058], [6.09045, 49.6936376], [6.0904158, 49.6935173], [6.0904105, 49.6933979], [6.0904494, 49.6933254], [6.0905304, 49.6932294], [6.0906543, 49.6931443], [6.0907673, 49.6930993], [6.0908549, 49.6930621], [6.090907, 49.6930294], [6.0909625, 49.6929785], [6.0909581, 49.6929458], [6.0909117, 49.6928857], [6.0908232, 49.6928064], [6.0907701, 49.6927305], [6.0907349, 49.6926168], [6.0907085, 49.6924841], [6.0906976, 49.6923814], [6.0907077, 49.6923298], [6.0907531, 49.69229], [6.0908329, 49.692277], [6.0909337, 49.6922751], [6.0910378, 49.6922555], [6.091152, 49.6922125], [6.0912346, 49.69216], [6.0912901, 49.6921012], [6.0913124, 49.692026], [6.0912983, 49.6918319], [6.0912852, 49.691701], [6.0912963, 49.6916683], [6.0913429, 49.6916377], [6.0914393, 49.6916083], [6.0916686, 49.6915817], [6.0918564, 49.6915455], [6.0918786, 49.6915188], [6.0918842, 49.691456], [6.0918312, 49.6913841], [6.091578, 49.6911199], [6.0915339, 49.6910524], [6.0915152, 49.6909602], [6.0915264, 49.690904], [6.0915963, 49.6908531], [6.0917359, 49.6907761], [6.0919053, 49.6906747], [6.091993, 49.6905702], [6.0920319, 49.6904709], [6.0920777, 49.6901871], [6.0921112, 49.690031], [6.0922379, 49.6896879], [6.0922491, 49.6896249], [6.0921916, 49.6895314], [6.0920401, 49.6894254], [6.0916651, 49.689258], [6.0914895, 49.6891621], [6.091453, 49.6891202], [6.0914266, 49.6890287], [6.0914124, 49.6889332], [6.0914258, 49.6888809], [6.0914735, 49.6888247], [6.091561, 49.688781], [6.0916774, 49.6887556], [6.0918973, 49.6886912], [6.0919848, 49.6886455], [6.0920348, 49.6885992], [6.0920437, 49.6885586], [6.0920393, 49.6885194], [6.0920051, 49.6884652], [6.0918836, 49.6883786], [6.0917508, 49.6883073], [6.0915793, 49.6882248], [6.0913667, 49.6881646], [6.0909476, 49.6880966], [6.0908247, 49.6880521], [6.0907683, 49.6880063], [6.0907198, 49.6878775], [6.0906604, 49.6876807], [6.0906553, 49.6874631], [6.0907564, 49.6872323], [6.0907743, 49.6871173], [6.0907657, 49.6870335], [6.0907304, 49.6869263], [6.0906287, 49.6868093], [6.0904871, 49.6866961], [6.090222, 49.6865754], [6.0901766, 49.6865368], [6.0901611, 49.686455], [6.0902701, 49.6863818], [6.0903865, 49.686269], [6.0904239, 49.6861042], [6.0904044, 49.6859303], [6.0903785, 49.6858243], [6.0903477, 49.6857725], [6.0902267, 49.6855888], [6.09017, 49.6854591], [6.0901455, 49.6853327], [6.0902173, 49.6853181], [6.0910003, 49.6851708], [6.091453, 49.6850883], [6.091509, 49.6850781], [6.0916046, 49.6850607], [6.0916585, 49.6850509], [6.0917231, 49.6850391], [6.0917769, 49.6850297], [6.0918951, 49.6850081], [6.091943, 49.6849993], [6.0923341, 49.6849278], [6.0926619, 49.6848697], [6.0928799, 49.6848311], [6.0929618, 49.6848173], [6.0934061, 49.684744], [6.0937381, 49.6848338], [6.0943249, 49.6849913], [6.0944622, 49.6850265], [6.0948434, 49.6851292], [6.0952538, 49.685241], [6.0956589, 49.6853646], [6.0957664, 49.685395], [6.0960778, 49.6854829], [6.0966989, 49.6856662], [6.0969784, 49.6857483], [6.0973417, 49.685855], [6.0979836, 49.6860456], [6.0982282, 49.6861149], [6.0984638, 49.6861885], [6.0986123, 49.686247], [6.0988812, 49.6863638], [6.0991559, 49.6864794], [6.0993815, 49.6865729], [6.0995456, 49.6866424], [6.0997189, 49.6867157], [6.1001291, 49.6868944], [6.100394, 49.6870194], [6.1007182, 49.6871711], [6.100973, 49.6872962], [6.1010833, 49.6873603], [6.1011409, 49.6873531], [6.1014359, 49.6875159], [6.1017252, 49.6876771], [6.1019869, 49.6878181], [6.1022817, 49.6879491], [6.1027528, 49.6881459], [6.1033587, 49.6883948], [6.1038179, 49.6885761], [6.1043584, 49.6887804], [6.1047271, 49.6889182], [6.1049328, 49.6889925], [6.1049969, 49.689028], [6.1050649, 49.6890667], [6.1050661, 49.6891617], [6.1050726, 49.6892893], [6.1050736, 49.6894116], [6.1051038, 49.6894088], [6.1051788, 49.6894008], [6.1052842, 49.6893896], [6.1054207, 49.6893751], [6.1054942, 49.6893673], [6.1055539, 49.6893609], [6.1056457, 49.6893493], [6.1056689, 49.6893464], [6.105793, 49.6893306], [6.1058085, 49.6893287], [6.1058837, 49.6893191], [6.1058943, 49.6893178], [6.1059683, 49.6893084], [6.1060481, 49.6892983], [6.1063054, 49.6898239], [6.1064377, 49.6897896], [6.1065769, 49.6897535], [6.1066857, 49.6897253], [6.1067892, 49.6896995], [6.1069765, 49.689653], [6.1070166, 49.689643], [6.1072057, 49.6899928], [6.1073376, 49.6899879], [6.1077667, 49.6900864], [6.1079228, 49.6901205], [6.1081106, 49.6901615], [6.1084726, 49.6902387], [6.108852, 49.6903092], [6.1091754, 49.6903612], [6.1094641, 49.6904048], [6.1099185, 49.6904569], [6.1101966, 49.6904873], [6.110306, 49.6904964], [6.1103866, 49.6905031], [6.1106267, 49.6905177], [6.1109284, 49.6905323], [6.1111998, 49.6905547], [6.1112256, 49.6905568], [6.1112962, 49.6905627], [6.1114741, 49.6905782], [6.1115575, 49.6905855], [6.11162, 49.690591], [6.1117112, 49.690599], [6.1117541, 49.6906027], [6.1117878, 49.6906054], [6.1120283, 49.6906246], [6.1121599, 49.6906341], [6.1122296, 49.6906392], [6.1122942, 49.6906501], [6.112325, 49.6906573], [6.1124587, 49.6906888], [6.1125859, 49.6907129], [6.1128914, 49.6907469], [6.1135759, 49.6908272], [6.1136717, 49.6910838], [6.1137669, 49.6913386], [6.1138877, 49.691309], [6.1140655, 49.6912655], [6.1142311, 49.6912249], [6.1143418, 49.6911978], [6.1143943, 49.691185], [6.1144807, 49.6911638], [6.1145012, 49.6911588], [6.1146449, 49.6911236], [6.1146522, 49.6911219], [6.1147126, 49.6911071], [6.1147502, 49.6910968], [6.114818, 49.6910784], [6.1149149, 49.691052], [6.114983, 49.6910335], [6.1150403, 49.6910165], [6.1151244, 49.6909915], [6.1152587, 49.6909517], [6.1154186, 49.6909015], [6.1155585, 49.6908576], [6.115722, 49.6908991], [6.1157438, 49.6909046], [6.1158734, 49.6909374], [6.116077, 49.6909944], [6.1163528, 49.6910716], [6.116795, 49.691196], [6.1169768, 49.6913203], [6.1172683, 49.6915251], [6.1176063, 49.6917661], [6.1177739, 49.6918844], [6.117993, 49.6920532], [6.118085, 49.6919789], [6.1181651, 49.6919541], [6.1181984, 49.6919449], [6.1182285, 49.6919388], [6.1182659, 49.69194], [6.1182929, 49.691943], [6.1183799, 49.691948], [6.1185015, 49.6919591], [6.118569, 49.6919634], [6.1186178, 49.6919622], [6.1186843, 49.691953], [6.1187789, 49.6919322], [6.1187997, 49.6919543], [6.118836, 49.6919905], [6.118874, 49.6920242], [6.1189996, 49.6921176], [6.1191901, 49.6917998], [6.1194095, 49.6914424], [6.1195042, 49.6912849], [6.119551, 49.6911899], [6.119603, 49.6910763], [6.1196197, 49.6910107], [6.1196322, 49.6909396], [6.1196292, 49.6908869], [6.119625, 49.690867], [6.1196188, 49.6908222], [6.1195992, 49.6907658], [6.1195567, 49.6906656], [6.1194874, 49.6905032], [6.1196817, 49.6904483], [6.1197581, 49.6904267], [6.1199809, 49.6903534], [6.1200335, 49.6903361], [6.1201171, 49.6903051], [6.1201827, 49.6902807], [6.1202492, 49.6902561], [6.1203377, 49.6902209], [6.1204131, 49.690191], [6.1204761, 49.690166], [6.1205626, 49.6901317], [6.1206801, 49.690085], [6.1208059, 49.6900351], [6.1210217, 49.690262], [6.1211243, 49.6903967], [6.1211917, 49.6904995], [6.121258, 49.6906415], [6.1213263, 49.6908454], [6.121384, 49.6910671], [6.1214655, 49.691058], [6.1214834, 49.6910559], [6.1216611, 49.6910359], [6.1216945, 49.6910322], [6.1218334, 49.6910165], [6.1218807, 49.6910112], [6.1219144, 49.6910074], [6.1219826, 49.6909997], [6.1219982, 49.6909979], [6.1220959, 49.6909869], [6.1222021, 49.6909749], [6.1222537, 49.6909691], [6.12243, 49.6909492], [6.1224368, 49.6909485], [6.122569, 49.6909336], [6.1226289, 49.6909268], [6.1226826, 49.6909207], [6.1227924, 49.6909084], [6.1228862, 49.6908978], [6.1229539, 49.6908901], [6.1230643, 49.6908773], [6.1231466, 49.6908677], [6.1232494, 49.6908558], [6.1235003, 49.6908266], [6.1236254, 49.6908125], [6.1240302, 49.6909613], [6.1242026, 49.69103], [6.1243376, 49.6910951], [6.1245897, 49.6912494], [6.1247475, 49.6913597], [6.1252276, 49.6917572], [6.1255563, 49.6920425], [6.1257962, 49.6922517], [6.1258441, 49.6922902], [6.1258668, 49.6923056], [6.1258731, 49.6922407], [6.1258931, 49.6919408], [6.1259099, 49.6917073], [6.1259098, 49.691643], [6.1264214, 49.6916126], [6.1276061, 49.691542], [6.1275533, 49.6913105], [6.1275274, 49.6912027], [6.1274772, 49.690969], [6.1274736, 49.6909524], [6.1274435, 49.6908194], [6.1277531, 49.6907984], [6.1279876, 49.6907825], [6.1282843, 49.6907649], [6.1283202, 49.6907628], [6.1285533, 49.690749], [6.1289346, 49.6907515], [6.1290251, 49.6907535], [6.1292566, 49.6907584], [6.1295735, 49.6907672], [6.1296217, 49.6907685], [6.1296444, 49.6905932], [6.1296634, 49.6904463], [6.1296686, 49.6904059], [6.129675, 49.6903568], [6.1306892, 49.6904056], [6.1307162, 49.6902508], [6.1307528, 49.6900008], [6.1309782, 49.6900133], [6.1311484, 49.6900227], [6.1314471, 49.6900378], [6.1315529, 49.6899904], [6.1317067, 49.6899775], [6.1330635, 49.6898566], [6.1330773, 49.6898558], [6.1330341, 49.6897654], [6.1336065, 49.6897084], [6.1339767, 49.6896711], [6.1343425, 49.6896315], [6.134527, 49.6896141], [6.1345042, 49.6895275], [6.1346374, 49.6895244], [6.1347263, 49.6895236], [6.134737, 49.6896134], [6.1349884, 49.689615], [6.1349936, 49.6897635], [6.1352862, 49.6896113], [6.1355223, 49.6895161], [6.1357079, 49.689483], [6.1357227, 49.6894329], [6.1357228, 49.6893837], [6.1357053, 49.6893034], [6.1356757, 49.6892367], [6.1356354, 49.6891882], [6.1355844, 49.689145], [6.1354606, 49.6890735], [6.1353866, 49.6890131], [6.1353126, 49.6889622], [6.1352467, 49.6889138], [6.1351404, 49.6888542], [6.1350462, 49.6888112], [6.1349551, 49.6887807], [6.134842, 49.688733], [6.1346913, 49.6886487], [6.1346428, 49.688628], [6.1346038, 49.6886201], [6.1344503, 49.68862], [6.1343669, 49.688616], [6.1340648, 49.688585], [6.1338842, 49.6885567], [6.1337618, 49.6884581], [6.1336946, 49.6883731], [6.1336677, 49.6882627], [6.1336584, 49.6881637], [6.1336638, 49.6881152], [6.1337693, 49.6880678], [6.1338415, 49.6880212], [6.1339385, 49.6879506], [6.1339816, 49.6879117], [6.1340045, 49.6878831], [6.1340194, 49.687841], [6.1340154, 49.6877806], [6.1339925, 49.6877178], [6.1339414, 49.6876638], [6.1338689, 49.6875933], [6.1337976, 49.6875337], [6.1337384, 49.6875035], [6.1336657, 49.6874709], [6.1335581, 49.6874351], [6.1334521, 49.6874083], [6.1331835, 49.6873705], [6.1325583, 49.686865], [6.132674, 49.6868417], [6.1331658, 49.6867422], [6.1332999, 49.6867169], [6.1337333, 49.6866351], [6.1341182, 49.6865637], [6.1341518, 49.6865575], [6.1345009, 49.6864927], [6.1350196, 49.6863973], [6.1349606, 49.6863187], [6.1348182, 49.6861192], [6.1347335, 49.6860007], [6.1345861, 49.6858022], [6.1345754, 49.6857877], [6.1344942, 49.6856785], [6.1343399, 49.6854689], [6.13461, 49.6854437], [6.1350959, 49.6853985], [6.1355149, 49.6853583], [6.1353768, 49.6852877], [6.1352081, 49.6852036], [6.1351362, 49.6851678], [6.1350631, 49.6851291], [6.13492, 49.6850533], [6.1348774, 49.6850305], [6.1346775, 49.6849234], [6.13463, 49.6848943], [6.1345685, 49.6848565], [6.134519, 49.684826], [6.134498, 49.6847923], [6.1344671, 49.6847427], [6.1344294, 49.6846739], [6.134401, 49.6845742], [6.1343433, 49.6843172], [6.1343246, 49.684234], [6.1342483, 49.683902], [6.1341979, 49.6836863], [6.1341677, 49.6835513], [6.134153, 49.6834857], [6.1341125, 49.6833044], [6.1340866, 49.6831918], [6.1340555, 49.683046], [6.1340744, 49.6829776], [6.1340952, 49.6829021], [6.1342172, 49.6829028], [6.1343798, 49.6829037], [6.134373, 49.6829287], [6.1348075, 49.6828778], [6.1348125, 49.6828473], [6.1348258, 49.6828107], [6.1353937, 49.682766], [6.1365594, 49.6826717], [6.136773, 49.6826541], [6.1368323, 49.6826492], [6.136845, 49.6826481], [6.136908, 49.6826429], [6.1369339, 49.6826408], [6.1372321, 49.682601], [6.1374526, 49.6825859], [6.1380339, 49.682546], [6.1380494, 49.6825449], [6.1381017, 49.6825402], [6.1382417, 49.6824998], [6.1382632, 49.682844], [6.1383261, 49.6830187], [6.1383867, 49.6832458], [6.138446, 49.6832125], [6.1384659, 49.68321], [6.1386626, 49.6831841], [6.1387706, 49.6831699], [6.1389648, 49.683142], [6.1391477, 49.6831158], [6.1391629, 49.6831136], [6.1394304, 49.6830704], [6.1394432, 49.6830683], [6.1395403, 49.6830526], [6.1395751, 49.683047], [6.1396226, 49.6830394], [6.1397384, 49.6830173], [6.1398513, 49.6829959], [6.1400803, 49.6829524], [6.14019, 49.6829315], [6.1402063, 49.6829284], [6.1403285, 49.6829052], [6.1403644, 49.6828985], [6.1405084, 49.6828715], [6.1405508, 49.6828636], [6.1406942, 49.6828367], [6.1407194, 49.682832], [6.1408121, 49.6828147], [6.1409256, 49.6827941], [6.1409635, 49.6827872], [6.1410353, 49.6827741], [6.1411665, 49.6827503], [6.1412434, 49.6827363], [6.1412541, 49.6827343], [6.1417712, 49.6826398], [6.1420889, 49.6827473], [6.1422553, 49.6828551], [6.1424593, 49.6829985], [6.1426734, 49.6831496], [6.1427222, 49.6830988], [6.142788, 49.6830177], [6.1428402, 49.6829683], [6.1428914, 49.6829328], [6.1429154, 49.6829161], [6.1429969, 49.682868], [6.1431436, 49.6827243], [6.1432401, 49.682631], [6.1432648, 49.682608], [6.1433323, 49.6825452], [6.1433582, 49.6825211], [6.1438273, 49.6822221], [6.1438644, 49.6821984], [6.1440993, 49.6819859], [6.1443243, 49.6817826], [6.1446167, 49.6817442], [6.1451281, 49.6816787], [6.1454828, 49.6816319], [6.1462215, 49.6815587], [6.1467895, 49.6814965], [6.1469515, 49.6814757], [6.1469784, 49.6814722], [6.1470115, 49.681468], [6.147181, 49.6814462], [6.1472876, 49.6814321], [6.1475055, 49.6814033], [6.1476078, 49.6813898], [6.1476789, 49.6813804], [6.1478438, 49.6813587], [6.1479628, 49.681343], [6.1480921, 49.6813804], [6.1482119, 49.6814073], [6.1482636, 49.6814189], [6.1483508, 49.6814329], [6.1484292, 49.6814454], [6.1485273, 49.6814589], [6.1486124, 49.6814707], [6.1486875, 49.6814781], [6.1488425, 49.6814934], [6.1489159, 49.6815007], [6.1491142, 49.6815219], [6.1492199, 49.6815332], [6.1492897, 49.6815407], [6.1494557, 49.6815588], [6.1495636, 49.6815705], [6.149728, 49.6815884], [6.1498132, 49.6815969], [6.1500642, 49.681622], [6.1502574, 49.6816413], [6.1503559, 49.6816522], [6.1504996, 49.6816681], [6.150632, 49.6816827], [6.1507591, 49.6816967], [6.1508673, 49.6817087], [6.1509923, 49.6817227], [6.1511408, 49.6817393], [6.1512115, 49.6817472], [6.1513477, 49.6817637], [6.1516007, 49.6817944], [6.1517208, 49.681809], [6.1518194, 49.6818209], [6.1520846, 49.6818531], [6.1521912, 49.681866], [6.1523521, 49.6818863], [6.1524129, 49.681894], [6.1528394, 49.6819478], [6.1533825, 49.6820162], [6.1535949, 49.6820378], [6.1537017, 49.6820459], [6.1537426, 49.682049], [6.1538171, 49.6820547], [6.154075, 49.6820679], [6.1542017, 49.6820727], [6.1544551, 49.6820704], [6.1546344, 49.6820668], [6.1547766, 49.6820632], [6.1550144, 49.6820488], [6.1556101, 49.6820117], [6.1556887, 49.6820069], [6.1559076, 49.6819936], [6.1559467, 49.6820826], [6.1559583, 49.6821091], [6.1560047, 49.6822365], [6.1560595, 49.682405], [6.1566903, 49.6823605], [6.1572138, 49.6823277], [6.1574191, 49.6823211], [6.1574712, 49.6823194], [6.1575345, 49.6823174], [6.1576693, 49.6823131], [6.1577075, 49.682313], [6.1582231, 49.6823126], [6.1585258, 49.6823123], [6.1589155, 49.6823054], [6.1591701, 49.6822985], [6.1592358, 49.6822955], [6.1594237, 49.6822869], [6.1598229, 49.6822648], [6.1600356, 49.682252], [6.1603414, 49.6822336], [6.1604117, 49.6822292], [6.1604873, 49.6823595], [6.1605509, 49.682417], [6.1607058, 49.6825361], [6.1611636, 49.6828772], [6.1615046, 49.6831121], [6.161931, 49.6833934], [6.1624694, 49.6837463], [6.1630373, 49.6841563], [6.1637134, 49.6846149], [6.1639858, 49.6847387], [6.1641589, 49.6848026], [6.1646656, 49.6849729], [6.1649024, 49.6850213], [6.1656836, 49.6851811], [6.1659988, 49.6852456], [6.1662925, 49.6853057], [6.1668326, 49.6854267], [6.167292, 49.6855295], [6.1678947, 49.6856692], [6.1683183, 49.685766], [6.1689371, 49.6859273], [6.1689835, 49.6859393], [6.169031, 49.6859515], [6.1687348, 49.6861304], [6.1680963, 49.6864557], [6.1678161, 49.6865949], [6.1674987, 49.6867233], [6.1669981, 49.6869171], [6.1670145, 49.686943], [6.1672081, 49.687053], [6.1677927, 49.687348], [6.1679983, 49.6874457], [6.1681243, 49.6874907], [6.1690126, 49.6877339], [6.1696814, 49.6879326], [6.1699387, 49.6879916], [6.1704939, 49.6881119], [6.1706617, 49.6881583], [6.1708718, 49.6882278], [6.1710524, 49.6882891], [6.1713631, 49.6884107], [6.1715707, 49.688492], [6.1719094, 49.6886463], [6.1723575, 49.688859], [6.1729699, 49.6891642], [6.173176, 49.6892457], [6.1734339, 49.6893364], [6.1737687, 49.689422], [6.1741114, 49.6894787], [6.1743777, 49.689505], [6.1746576, 49.6895202], [6.1748199, 49.689533], [6.1751259, 49.689543], [6.1753518, 49.6895482], [6.1755175, 49.6895512], [6.1755901, 49.6895525], [6.1756072, 49.6895519], [6.1757096, 49.6895482], [6.1760918, 49.6894954], [6.1763244, 49.6894537], [6.1764262, 49.6894331], [6.1765529, 49.6894074], [6.1766661, 49.6893812], [6.1767996, 49.6893502], [6.1769285, 49.6893124], [6.1770243, 49.6892814], [6.1770647, 49.6892665], [6.1771496, 49.6892353], [6.177317, 49.6893895], [6.1773475, 49.6894176], [6.1775036, 49.6895614], [6.1775728, 49.6896272], [6.1776178, 49.6896699], [6.1776722, 49.6897217], [6.1778944, 49.6899328], [6.1780233, 49.6900113], [6.1781535, 49.6900832], [6.1782041, 49.6901111], [6.1784168, 49.6902243], [6.1785995, 49.6903215], [6.1786627, 49.6903549], [6.1788951, 49.6904779], [6.1790771, 49.6905742], [6.1793516, 49.6903829], [6.1794867, 49.6902887], [6.1796346, 49.6901703], [6.1797501, 49.6900704], [6.1797915, 49.6900315], [6.1801231, 49.6901684], [6.1803139, 49.69028], [6.180637, 49.6904912], [6.1808889, 49.6906769], [6.1810208, 49.6908232], [6.1811307, 49.6909882], [6.181184, 49.6911602], [6.181184, 49.6912678], [6.181158, 49.6914059], [6.1810221, 49.6916979], [6.1809757, 49.6917978], [6.1811217, 49.6918181], [6.1811601, 49.6918649], [6.1811791, 49.691888], [6.1812574, 49.691981], [6.181309, 49.6920273], [6.1814662, 49.692126], [6.1814954, 49.6921443], [6.1816297, 49.6922287], [6.1818217, 49.6923493], [6.1820999, 49.6925457], [6.1822697, 49.6926656], [6.1829149, 49.6931134], [6.1826107, 49.6932823], [6.1811926, 49.6944253], [6.181135, 49.6944708], [6.1811211, 49.6944818], [6.1801977, 49.6952564], [6.1798199, 49.695563], [6.179303, 49.6959823], [6.1790724, 49.6961688], [6.1795898, 49.6964179], [6.1805015, 49.6968514], [6.1810762, 49.6971221], [6.1810148, 49.6971909], [6.1811548, 49.6972374], [6.1812633, 49.6972626], [6.1813655, 49.6972801], [6.1814803, 49.6972907], [6.1815534, 49.6972897], [6.1816855, 49.6972771], [6.1817484, 49.6972664], [6.1818333, 49.6972587], [6.1819009, 49.6972557], [6.181978, 49.6972606], [6.1820424, 49.6972703], [6.1821064, 49.6972847], [6.1821655, 49.697317], [6.1822508, 49.6973473], [6.1823535, 49.697363], [6.1825012, 49.697371], [6.1825832, 49.6973902], [6.1826554, 49.6974256], [6.1827506, 49.6974974], [6.1828342, 49.6975834], [6.18289, 49.6976148], [6.1829606, 49.6976643], [6.1830328, 49.6977341], [6.1830779, 49.6978044], [6.1831025, 49.6978205], [6.1831435, 49.6978377], [6.1832108, 49.6978458], [6.1833158, 49.697864], [6.1835947, 49.6979611], [6.1838338, 49.6981667], [6.1838486, 49.6983093], [6.1840192, 49.698368], [6.1841308, 49.6984216], [6.1842374, 49.6984792], [6.1843704, 49.6985712], [6.1844885, 49.6986734], [6.1845585, 49.6987425], [6.1849128, 49.6987343], [6.1849703, 49.6987606], [6.1850442, 49.6989599], [6.1850507, 49.6989993], [6.1850212, 49.6991025], [6.1849835, 49.6991035], [6.1849622, 49.6991075], [6.1849441, 49.6991166], [6.1849392, 49.6991277], [6.1849589, 49.6991631], [6.1850147, 49.6992288], [6.1851782, 49.6994047], [6.1852545, 49.6995791], [6.1852619, 49.699611], [6.1852521, 49.6996307], [6.1850676, 49.6998871], [6.1849143, 49.7000958], [6.1847976, 49.7002548], [6.1847709, 49.7002915], [6.1846523, 49.7004551], [6.1845881, 49.7005436], [6.1845467, 49.7006007], [6.1845098, 49.7006472], [6.1843603, 49.7008356], [6.1838145, 49.701481], [6.1837774, 49.7015174], [6.1837488, 49.7015454], [6.1841466, 49.7018266], [6.184293, 49.701927], [6.184889, 49.7023354], [6.1849619, 49.702527], [6.1850524, 49.7027652], [6.185076, 49.7028273], [6.1851077, 49.7029119], [6.1851325, 49.702978], [6.1852234, 49.7032205], [6.1854474, 49.7041223], [6.1854533, 49.7041555], [6.1854598, 49.704192], [6.1855238, 49.7044889], [6.1855775, 49.7046432], [6.185625, 49.7047797], [6.1857332, 49.7049433], [6.1858463, 49.7050873], [6.1860526, 49.7053093], [6.1862468, 49.7054911], [6.1864903, 49.7056865], [6.1866747, 49.7058214], [6.1868976, 49.7059764], [6.1869943, 49.7060368], [6.1872296, 49.7061839], [6.1872078, 49.7062038], [6.1870742, 49.7063261], [6.1870261, 49.7063702], [6.1867901, 49.706586], [6.1867336, 49.7066378], [6.1864461, 49.7069166], [6.1863665, 49.7069918], [6.1862064, 49.7071431], [6.1861391, 49.7072067], [6.1861338, 49.7072272], [6.1859256, 49.7080436], [6.1859565, 49.7081805], [6.1859846, 49.7083049], [6.18602, 49.7084615], [6.1861118, 49.7085667], [6.1864722, 49.7089796], [6.186778, 49.7093141], [6.1867935, 49.7093311], [6.1867886, 49.7094788], [6.1867877, 49.7095335], [6.1867852, 49.7096824], [6.1867838, 49.7097626], [6.1867769, 49.7099623], [6.1867741, 49.7100417], [6.1867774, 49.7101012], [6.1867791, 49.7101326], [6.1867873, 49.7101902], [6.1868164, 49.7102801], [6.1868789, 49.7104732], [6.1870185, 49.7109117], [6.1870643, 49.7110557], [6.1870105, 49.7111813], [6.186958, 49.7113039], [6.1869078, 49.7114211], [6.1868384, 49.7116052], [6.1868135, 49.7116715], [6.1868032, 49.7123394], [6.186799, 49.7128942], [6.1865108, 49.7135281], [6.1863653, 49.7136283], [6.1859503, 49.7139129], [6.1855403, 49.7141965], [6.1854711, 49.7142378], [6.1852032, 49.714398], [6.1850144, 49.7145107], [6.1848933, 49.7145832], [6.1851567, 49.7147123], [6.1857096, 49.7149926], [6.1862649, 49.7152744], [6.1865637, 49.7154242], [6.1873163, 49.7157906], [6.1879075, 49.7160815], [6.1880587, 49.7161524], [6.1884777, 49.7163585], [6.1889504, 49.7165925], [6.1889991, 49.7166167], [6.1890515, 49.7166428], [6.1891826, 49.716708], [6.1893922, 49.7168123], [6.1894509, 49.7168415], [6.1897371, 49.7169737], [6.1905007, 49.7173067], [6.1908399, 49.7174534], [6.1913799, 49.7176877], [6.1919174, 49.7179237], [6.1923502, 49.7181132], [6.1923738, 49.7181235], [6.1923911, 49.7181312], [6.1924214, 49.7181447], [6.1930915, 49.7184434], [6.1931359, 49.7184632], [6.1935, 49.7186256], [6.193511, 49.7186305], [6.1935813, 49.7186618], [6.1944084, 49.7190337], [6.1948537, 49.7192263], [6.1950844, 49.719326], [6.1953783, 49.7194556], [6.1959257, 49.7196927], [6.1959463, 49.7197019], [6.1962054, 49.7197219], [6.1964351, 49.7197339], [6.1967076, 49.7197453], [6.1970581, 49.7197607], [6.1974151, 49.7197787], [6.1977521, 49.7198007], [6.1979037, 49.7198133], [6.1980725, 49.7198307], [6.1982749, 49.71984], [6.1985743, 49.719854], [6.1987315, 49.719862], [6.1988175, 49.7198727], [6.1989666, 49.7199008], [6.1990722, 49.7199263], [6.1993052, 49.7199926], [6.1994474, 49.720042], [6.1996554, 49.7201157], [6.1998324, 49.7201851], [6.2000197, 49.7202709], [6.2001308, 49.7203185], [6.200236, 49.7203584], [6.2003786, 49.7204034], [6.2005038, 49.7204476], [6.2007183, 49.7205253], [6.2009768, 49.7206093], [6.2011892, 49.7206737], [6.2013786, 49.7207246], [6.2015489, 49.7207693], [6.2016001, 49.720786], [6.20166, 49.7208101], [6.2017394, 49.7208403], [6.201795, 49.7208611], [6.2018951, 49.7208845], [6.202169, 49.7209226], [6.2022622, 49.7209389], [6.2023929, 49.7209711], [6.2025421, 49.7210019], [6.2026597, 49.7210193], [6.2027294, 49.721022], [6.2028987, 49.7210225], [6.2029999, 49.7210226], [6.2030505, 49.7210215], [6.2030645, 49.7210211], [6.2030561, 49.7210362], [6.2029782, 49.7211731], [6.2028019, 49.7214869], [6.2025796, 49.7219144], [6.2022465, 49.7222483], [6.2019239, 49.7225747], [6.2019014, 49.7226173], [6.2018998, 49.7226514], [6.2019137, 49.7227685], [6.2019415, 49.7230456], [6.2019465, 49.7232644], [6.2019604, 49.723268], [6.2019682, 49.7232703], [6.2023818, 49.723392], [6.2026016, 49.723456], [6.2028902, 49.7235295], [6.2029953, 49.7235525], [6.2038001, 49.7236922], [6.2044451, 49.7238027], [6.2044283, 49.7238347], [6.2044109, 49.7238717], [6.2041979, 49.7243222], [6.2042219, 49.7243319], [6.2045146, 49.7244339], [6.2045986, 49.7244652], [6.2046551, 49.7244881], [6.2046923, 49.724506], [6.2047585, 49.7245365], [6.2048067, 49.7245637], [6.2048619, 49.7245985], [6.2049444, 49.7246601], [6.2050119, 49.7247102], [6.2051153, 49.72479], [6.2053883, 49.7249919], [6.2054513, 49.7250339], [6.2055409, 49.7250874], [6.2056856, 49.7251705], [6.2057807, 49.7252146], [6.2058493, 49.7252406], [6.2059084, 49.7252676], [6.2059983, 49.7253008], [6.2062453, 49.7254045], [6.2057442, 49.7263749], [6.2057235, 49.7264119], [6.2056741, 49.7265005], [6.2072507, 49.7273609], [6.2073264, 49.7273998], [6.2074277, 49.7274469], [6.2084253, 49.7278814], [6.2095131, 49.7281082], [6.2095446, 49.7281148], [6.2098321, 49.7281725], [6.2102404, 49.7282471], [6.2105297, 49.7282916], [6.2109906, 49.72835], [6.2111001, 49.7283576], [6.2112358, 49.72837], [6.2113019, 49.7283738], [6.2113474, 49.7283763], [6.2114301, 49.7283788], [6.2118909, 49.7283964], [6.212078, 49.7284014], [6.2126589, 49.7285273], [6.2129745, 49.7286247], [6.2136133, 49.7288269], [6.2140267, 49.7293722], [6.2139487, 49.7299118], [6.2141217, 49.7300175], [6.2150918, 49.7306114], [6.2162024, 49.7312649], [6.2164291, 49.7314449], [6.2167061, 49.7316681], [6.2169959, 49.7319125], [6.2173008, 49.732174], [6.2173989, 49.7322565], [6.2177702, 49.732407], [6.2182487, 49.7325945], [6.2187926, 49.7328074], [6.2191297, 49.7330756], [6.2198955, 49.7336848], [6.220112, 49.7338506], [6.2201764, 49.7339193], [6.2203311, 49.7341095], [6.220498, 49.7343068], [6.2205346, 49.734357], [6.2205926, 49.7344534], [6.2207602, 49.7347481], [6.2207623, 49.7347737], [6.2207602, 49.7348134], [6.2207496, 49.7349847], [6.2207421, 49.7350541], [6.2207353, 49.7350915], [6.2207432, 49.7351235], [6.2207691, 49.7351768], [6.2208716, 49.7353542], [6.2214328, 49.7353158], [6.2218241, 49.7360997], [6.2219835, 49.7364178], [6.2219905, 49.7364272], [6.2220488, 49.7365061], [6.2221502, 49.7367705], [6.2225589, 49.7375136], [6.2225946, 49.7377664], [6.2226362, 49.7380118], [6.2227405, 49.738576], [6.2228106, 49.7389102], [6.2230341, 49.7392912], [6.2230261, 49.7393183], [6.2231256, 49.7394602], [6.2242946, 49.7411268], [6.2244732, 49.7413314], [6.2246599, 49.7415446], [6.2247167, 49.7416125], [6.2249073, 49.7418317], [6.2250941, 49.74205], [6.2253016, 49.742287], [6.2252994, 49.7424943], [6.2253007, 49.7426049], [6.2253054, 49.7427094], [6.2253136, 49.7428504], [6.2253183, 49.742938], [6.2253243, 49.7429997], [6.2253438, 49.7431975], [6.2253634, 49.7433147], [6.2253715, 49.7433631], [6.2254026, 49.7434937], [6.2254169, 49.7435506], [6.2254647, 49.7437412], [6.2255143, 49.7439484], [6.2255332, 49.7440253], [6.2255776, 49.7442052], [6.2255948, 49.7442844], [6.2256133, 49.7443701], [6.2256212, 49.7444118], [6.2256364, 49.7444923], [6.2256458, 49.7445444], [6.2256606, 49.7446267], [6.2256884, 49.7448195], [6.2257289, 49.7451319], [6.2257786, 49.7454915], [6.2257924, 49.7455766], [6.2258063, 49.7456387], [6.2258406, 49.7456871], [6.2258727, 49.7457496], [6.2260512, 49.7460513], [6.2261708, 49.7462519], [6.226231, 49.7463534], [6.2262417, 49.7463724], [6.2262595, 49.7464047], [6.2262857, 49.7464551], [6.2262884, 49.7464825], [6.226282, 49.7465106], [6.2262712, 49.7465419], [6.2262379, 49.7466152], [6.2262034, 49.7466763], [6.2261518, 49.7467435], [6.2261213, 49.7467709], [6.2260701, 49.7468018], [6.2259802, 49.7468417], [6.2260116, 49.7469336], [6.226055, 49.7470502], [6.2260976, 49.7471197], [6.2261413, 49.7471865], [6.2261965, 49.7472556], [6.2263078, 49.7473807], [6.2264528, 49.7475405], [6.2265395, 49.7476361], [6.2266108, 49.7477095], [6.2267503, 49.747864], [6.2269668, 49.7481017], [6.2271564, 49.7483051], [6.227326, 49.7484895], [6.2274665, 49.7486403], [6.227494, 49.7488404], [6.2275467, 49.7491291], [6.2275661, 49.7492455], [6.2275827, 49.7493452], [6.2275961, 49.7494261], [6.2276431, 49.7497079], [6.2279333, 49.7495379], [6.2282639, 49.7493189], [6.2283088, 49.7490573], [6.2285531, 49.7488797], [6.2291126, 49.7484385], [6.2292611, 49.7483414], [6.2294155, 49.7482465], [6.2295288, 49.7481804], [6.2298812, 49.7479883], [6.2301533, 49.7478417], [6.2302853, 49.7477664], [6.2305607, 49.7476057], [6.2306471, 49.7475543], [6.2308409, 49.7476421], [6.2312734, 49.7476019], [6.2320302, 49.7475335], [6.2323836, 49.7474987], [6.233005, 49.7474604], [6.2337938, 49.7474193], [6.2340891, 49.747403], [6.2342585, 49.7473914], [6.2343861, 49.7473818], [6.2347171, 49.7473592], [6.2350595, 49.7473381], [6.2353631, 49.7473196], [6.2358375, 49.7472524], [6.2364078, 49.7471682], [6.2368625, 49.7471044], [6.2371198, 49.7470676], [6.2372485, 49.7470445], [6.2373573, 49.7470207], [6.2374897, 49.7469871], [6.2376238, 49.7469511], [6.2377524, 49.7469131], [6.2381164, 49.7468025], [6.2383169, 49.7467457], [6.2385665, 49.7466765], [6.2386803, 49.7466434], [6.2388893, 49.7465884], [6.2389893, 49.746564], [6.2392081, 49.7465164], [6.2394764, 49.7464641], [6.239854, 49.746395], [6.2403191, 49.7463127], [6.2409342, 49.7461987], [6.2412403, 49.7461479], [6.2413635, 49.7461315], [6.2416186, 49.746107], [6.2418469, 49.746086], [6.2421317, 49.7460628], [6.242521, 49.7460327], [6.2426633, 49.7460212], [6.2429756, 49.7460081], [6.2432292, 49.7460006], [6.2434525, 49.7459903], [6.2439777, 49.7459723], [6.2443771, 49.7459588], [6.2445084, 49.7459544], [6.2448325, 49.745944], [6.2451394, 49.7459323], [6.2452876, 49.7459261], [6.2454427, 49.7459199], [6.2455039, 49.7459172], [6.2456116, 49.7459151], [6.2459438, 49.7459013], [6.2463268, 49.7458841], [6.2467271, 49.7458669], [6.2468248, 49.7458655], [6.2470873, 49.7458572], [6.2471453, 49.7458561], [6.2472367, 49.7458544], [6.247552, 49.7458385], [6.2478909, 49.7458016], [6.2484312, 49.7457272], [6.2490799, 49.745606], [6.2491328, 49.7455823], [6.2492339, 49.7455369], [6.2494105, 49.7454669], [6.2496053, 49.7453956], [6.2498422, 49.745306], [6.2501632, 49.7452017], [6.2502675, 49.7451783], [6.2503739, 49.7451587], [6.2504902, 49.7451394], [6.2506398, 49.7451224], [6.2508199, 49.7451062], [6.2508766, 49.7451023], [6.2512067, 49.7450851], [6.2514147, 49.7450805], [6.2517499, 49.7450757], [6.2521272, 49.7450774], [6.2524153, 49.7450778], [6.2526599, 49.7450828], [6.2528755, 49.7450885], [6.2529521, 49.7450908], [6.2531307, 49.7450961], [6.2532456, 49.7451005], [6.2535165, 49.7451146], [6.2537793, 49.7451267], [6.2543275, 49.7451568], [6.2547147, 49.7451753], [6.2549874, 49.7451887], [6.2550159, 49.7451899], [6.2550209, 49.7450641], [6.2550733, 49.745069], [6.2553356, 49.7450919], [6.2555977, 49.7451139], [6.2562536, 49.7451649], [6.2563676, 49.7451738], [6.256655, 49.7451988], [6.2569449, 49.7452212], [6.2570722, 49.745225], [6.2571661, 49.7452262], [6.2571946, 49.7452268], [6.2573032, 49.7452287], [6.257762, 49.7452326], [6.258045, 49.7452347], [6.2581083, 49.7452372], [6.2584528, 49.7452655], [6.25866, 49.7452783], [6.2587454, 49.7452873], [6.2588731, 49.7452982], [6.2589574, 49.7453021], [6.2590671, 49.7453078], [6.2592955, 49.7453154], [6.2595176, 49.7453218], [6.2599159, 49.7453327], [6.2601174, 49.7453362], [6.2602957, 49.7453406], [6.2604855, 49.7453521], [6.2607217, 49.7453671], [6.2610446, 49.7453919], [6.2612875, 49.745408], [6.261559, 49.7454274], [6.2620044, 49.7452889], [6.2621369, 49.7452484], [6.2626091, 49.7450999], [6.2629859, 49.744983], [6.2632039, 49.7449153], [6.2633578, 49.7448522], [6.2636325, 49.7446801], [6.263964, 49.7444755], [6.2642988, 49.7442646], [6.2643346, 49.7442515], [6.2644086, 49.7443203], [6.2648268, 49.7442595], [6.2648579, 49.7442542], [6.2649035, 49.744297], [6.2649188, 49.7443237], [6.2649294, 49.7443722], [6.2649563, 49.7444453], [6.264982, 49.7444928], [6.2650512, 49.7445375], [6.2651386, 49.7445759], [6.2652077, 49.7446168], [6.2652431, 49.7446555], [6.2652642, 49.7447061], [6.2652573, 49.7447729], [6.2652309, 49.7448594], [6.2651766, 49.7449509], [6.2650985, 49.7450602], [6.2649618, 49.7452259], [6.2648348, 49.7453533], [6.2647846, 49.745416], [6.2647694, 49.745477], [6.2648128, 49.745533], [6.2648926, 49.7455807], [6.2649122, 49.7456108], [6.2649548, 49.74572], [6.2651471, 49.7459788], [6.2652114, 49.7461053], [6.2651544, 49.7461944], [6.2652074, 49.7462739], [6.2651519, 49.7463516], [6.2650979, 49.7464205], [6.2651222, 49.7464997], [6.2652462, 49.7465359], [6.2654077, 49.7465463], [6.2655107, 49.7465596], [6.2656159, 49.7465955], [6.2657174, 49.7466735], [6.2657276, 49.7467614], [6.2656396, 49.7468838], [6.2654797, 49.7470174], [6.2654591, 49.7470677], [6.2654804, 49.7471778], [6.2655097, 49.7472646], [6.2655448, 49.7473527], [6.2655857, 49.747465], [6.2656343, 49.7475591], [6.2656776, 49.7476185], [6.2657511, 49.7476855], [6.2658219, 49.7477484], [6.2659334, 49.7478741], [6.2659597, 49.7479126], [6.2659834, 49.7479875], [6.2660045, 49.748048], [6.2660229, 49.748082], [6.266061, 49.7481267], [6.2661738, 49.7482377], [6.2662446, 49.7483021], [6.2663194, 49.7483522], [6.2663876, 49.7484023], [6.2664256, 49.7484401], [6.2664624, 49.7484832], [6.2664886, 49.748511], [6.2665227, 49.7485357], [6.2665895, 49.7485634], [6.2666786, 49.7485884], [6.2667114, 49.7486077], [6.2667678, 49.7486485], [6.2668084, 49.7486871], [6.266836, 49.7487372], [6.2668545, 49.7487788], [6.2668715, 49.7488035], [6.2669109, 49.7488405], [6.2670119, 49.7489118], [6.2671508, 49.7490066], [6.2672216, 49.7490243], [6.26735, 49.7490666], [6.2674535, 49.7491159], [6.2676672, 49.7492126], [6.267772, 49.7492719], [6.2678782, 49.7493436], [6.2679805, 49.749423], [6.2680579, 49.7494935], [6.2681262, 49.7495552], [6.2681931, 49.7496138], [6.2682888, 49.7496909], [6.2683911, 49.7497568], [6.2685445, 49.7498454], [6.2687359, 49.7499772], [6.2690664, 49.750228], [6.2694651, 49.7505283], [6.2695254, 49.7505791], [6.2695806, 49.7506528], [6.2696279, 49.7507214], [6.2696686, 49.7507769], [6.2696974, 49.7508062], [6.2697762, 49.7508772], [6.2698942, 49.7509809], [6.270028, 49.7510973], [6.2702091, 49.7512595], [6.2703337, 49.7513675], [6.2706657, 49.7516803], [6.2708159, 49.7518551], [6.2708966, 49.7519433], [6.2712357, 49.7522503], [6.2714928, 49.7525059], [6.2716931, 49.7527428], [6.2718962, 49.7529944], [6.2719506, 49.7530839], [6.2719902, 49.7531746], [6.2720048, 49.7532781], [6.2719908, 49.7534364], [6.2719197, 49.7537215], [6.2718682, 49.7539464], [6.271804, 49.7540753], [6.2716182, 49.7543098], [6.2714807, 49.7545264], [6.2714594, 49.7545982], [6.2714524, 49.75467], [6.2714884, 49.7547586], [6.2715674, 49.7548303], [6.271693, 49.7549231], [6.2718185, 49.7549969], [6.2719477, 49.755058], [6.2721199, 49.7551465], [6.272206, 49.7552288], [6.27226, 49.7553343], [6.2723104, 49.7554504], [6.2724217, 49.7555622], [6.2724756, 49.7556339], [6.2724687, 49.7557332], [6.2724161, 49.7558478], [6.2723733, 49.7559491], [6.2723591, 49.7560199], [6.2723539, 49.7560991], [6.2723641, 49.7562418], [6.2723642, 49.7563021], [6.2723768, 49.7564043], [6.2723738, 49.7564408], [6.2723617, 49.7565612], [6.2723847, 49.7566822], [6.2723787, 49.7567425], [6.2723825, 49.7567579], [6.2724052, 49.7568493], [6.2723963, 49.7571051], [6.2723781, 49.757286], [6.272378, 49.7573617], [6.2724033, 49.7574309], [6.2724831, 49.7574946], [6.2726335, 49.7575269], [6.2727091, 49.7575348], [6.2727737, 49.7575282], [6.2728629, 49.7575161], [6.2729696, 49.7575253], [6.2731442, 49.7575709], [6.2732539, 49.7576248], [6.2733074, 49.7576715], [6.2733486, 49.7576944], [6.2736172, 49.7577702], [6.2740462, 49.7578802], [6.2742312, 49.757919], [6.2743309, 49.7579333], [6.2744627, 49.7579666], [6.2746664, 49.7580624], [6.2747489, 49.758085], [6.2748952, 49.7581063], [6.2751434, 49.7581635], [6.2752666, 49.7581776], [6.2755012, 49.7582552], [6.2756208, 49.7583241], [6.2756453, 49.7583525], [6.2756923, 49.7584259], [6.2757501, 49.7585049], [6.2758236, 49.7585901], [6.2758817, 49.7586985], [6.2759437, 49.7587676], [6.2760754, 49.7588796], [6.2762229, 49.758958], [6.2763702, 49.7590741], [6.276562, 49.7592641], [6.2766684, 49.7593824], [6.2766994, 49.7594383], [6.276706, 49.7594783], [6.2767015, 49.7595188], [6.2768016, 49.7596929], [6.2769206, 49.7598766], [6.2770316, 49.7599993], [6.2771441, 49.7600664], [6.2772096, 49.760096], [6.2772749, 49.760131], [6.2773191, 49.7601845], [6.2773282, 49.7602348], [6.2773084, 49.7603078], [6.2773045, 49.7603704], [6.2773285, 49.7604299], [6.2773414, 49.7605178], [6.2773324, 49.7605496], [6.2773, 49.7606286], [6.2773097, 49.7606634], [6.2773827, 49.7608124], [6.2774745, 49.7609765], [6.2775536, 49.7610872], [6.2777682, 49.7612778], [6.2778904, 49.7613237], [6.2780327, 49.7613898], [6.2781201, 49.761433], [6.2781271, 49.7614703], [6.2781494, 49.7615687], [6.2781752, 49.7617495], [6.2782186, 49.7618725], [6.2783046, 49.7620468], [6.2783358, 49.7620809], [6.2783939, 49.7620969], [6.2784853, 49.7621052], [6.2785764, 49.7621014], [6.2787008, 49.7620934], [6.2787799, 49.7620979], [6.2788412, 49.7621208], [6.2788784, 49.7621534], [6.2788943, 49.7621835], [6.2788837, 49.7622475], [6.2788911, 49.7623016], [6.2789353, 49.7623744], [6.2790321, 49.7625363], [6.2790263, 49.7625505], [6.2789963, 49.7626241], [6.2789905, 49.7626381], [6.2789208, 49.7627549], [6.2788916, 49.7628395], [6.2788716, 49.7628931], [6.2788497, 49.762922], [6.2788189, 49.7629413], [6.2787628, 49.7629531], [6.27868, 49.7629722], [6.278651, 49.7629808], [6.2785895, 49.7630043], [6.2785316, 49.7630172], [6.2784629, 49.763029], [6.2784122, 49.7630461], [6.2783634, 49.7630707], [6.2783055, 49.7630846], [6.2782015, 49.7631204], [6.2781291, 49.7631386], [6.278073, 49.7631472], [6.2780422, 49.763159], [6.2779933, 49.7631409], [6.2779444, 49.7631452], [6.2778956, 49.7631613], [6.2778703, 49.7631784], [6.2778215, 49.7632029], [6.2777636, 49.7632158], [6.2776839, 49.7632159], [6.2776368, 49.7632159], [6.2776061, 49.7632191], [6.2775445, 49.7632384], [6.2774866, 49.7632491], [6.277445, 49.7632449], [6.2773942, 49.7632129], [6.2773652, 49.7631831], [6.2773217, 49.7631629], [6.2772709, 49.7631437], [6.2772211, 49.7631091], [6.2772029, 49.7630867], [6.2771739, 49.7630622], [6.2771359, 49.763058], [6.2770888, 49.7630666], [6.2769205, 49.7631083], [6.2767305, 49.7631426], [6.2765233, 49.7631722], [6.2762952, 49.7631916], [6.2762717, 49.7631959], [6.2760925, 49.7632046], [6.2758046, 49.7632102], [6.2756544, 49.7632135], [6.275584, 49.7633277], [6.2755534, 49.7633757], [6.2755224, 49.7634259], [6.2754944, 49.7634714], [6.2754672, 49.7635155], [6.2753416, 49.7637191], [6.2752332, 49.763895], [6.275041, 49.7641965], [6.2753655, 49.7643515], [6.2755367, 49.7644333], [6.2756255, 49.7644759], [6.2756935, 49.7645116], [6.2757959, 49.7645653], [6.2759899, 49.76469], [6.276687, 49.7651272], [6.2771675, 49.7654423], [6.2776076, 49.7657668], [6.2779697, 49.7660414], [6.2784841, 49.7663153], [6.2786013, 49.7663769], [6.2794426, 49.7666979], [6.2794904, 49.7668344], [6.279537, 49.7669674], [6.2794725, 49.7671277], [6.2793823, 49.7673517], [6.2792684, 49.7675486], [6.2791418, 49.7677462], [6.2790208, 49.7678744], [6.2786841, 49.7682124], [6.2773252, 49.7678922], [6.2771531, 49.7682611], [6.2771179, 49.7683364], [6.2770935, 49.7683889], [6.2770682, 49.768443], [6.2770569, 49.7684672], [6.2770443, 49.7684943], [6.277023, 49.7685399], [6.276998, 49.7685934], [6.2769661, 49.7686617], [6.2767045, 49.7692225], [6.2764186, 49.7692064], [6.2762129, 49.7691948], [6.2760022, 49.7691829], [6.2758006, 49.7691715], [6.27576, 49.7692508], [6.275708, 49.769352], [6.2756401, 49.7694843], [6.2755746, 49.7696121], [6.2755263, 49.7697061], [6.2754937, 49.7697672], [6.2754782, 49.7697963], [6.275426, 49.769894], [6.2753809, 49.7699786], [6.2753303, 49.7700735], [6.2752495, 49.7702249], [6.2752263, 49.7702443], [6.2749023, 49.7702617], [6.2747454, 49.7702528], [6.2745609, 49.770232], [6.2743861, 49.7702026], [6.2743179, 49.7701908], [6.2739309, 49.7701152], [6.2737604, 49.7700838], [6.2731932, 49.7699771], [6.2731316, 49.7699641], [6.2729957, 49.769945], [6.2729251, 49.7699348], [6.2725367, 49.7698788], [6.2723393, 49.7698496], [6.271996, 49.7697927], [6.2717979, 49.7697545], [6.2715923, 49.7696945], [6.2714612, 49.7696537], [6.2712102, 49.7695793], [6.2709037, 49.7694904], [6.2706709, 49.7694291], [6.2702816, 49.7693448], [6.2693998, 49.7691592], [6.2693561, 49.76915], [6.2687218, 49.769], [6.2682697, 49.7687542], [6.2680439, 49.7688064], [6.2676441, 49.768899], [6.2676013, 49.7689772], [6.2676034, 49.7690069], [6.267588, 49.7690226], [6.2675539, 49.7690492], [6.2675264, 49.769069], [6.2674821, 49.7690888], [6.2674325, 49.7690999], [6.2673533, 49.7691039], [6.2672755, 49.7690977], [6.2671668, 49.7690788], [6.2671238, 49.7690693], [6.2670647, 49.7690433], [6.2670338, 49.7690165], [6.2669922, 49.7689873], [6.2669572, 49.7689746], [6.2669237, 49.7689723], [6.2668875, 49.7689779], [6.2667131, 49.7689994], [6.2666836, 49.7690033], [6.2666447, 49.7689962], [6.2666071, 49.7689773], [6.266597, 49.7689832], [6.2665696, 49.7690182], [6.266506, 49.7690995], [6.2670518, 49.7692891], [6.2674667, 49.7694342], [6.267444, 49.7694635], [6.2673128, 49.769609], [6.2672668, 49.7696494], [6.26711, 49.7695546], [6.2669486, 49.7694665], [6.2667407, 49.7693724], [6.266459, 49.7692604], [6.2659798, 49.7691003], [6.2657481, 49.7690176], [6.2655062, 49.7689262], [6.265404, 49.7688929], [6.2651769, 49.7688383], [6.264884, 49.7687944], [6.2648651, 49.7687418], [6.2647493, 49.7684188], [6.2630986, 49.7687123], [6.2631198, 49.7690059], [6.2631209, 49.7690219], [6.2631282, 49.769123], [6.2631305, 49.7691547], [6.2631403, 49.7692902], [6.2631512, 49.7694419], [6.2631612, 49.7695807], [6.2631634, 49.7696121], [6.2631714, 49.7697222], [6.2631825, 49.7698765], [6.2631967, 49.7700734], [6.2639354, 49.7700186], [6.264614, 49.7699619], [6.2645989, 49.7700366], [6.2645719, 49.7701701], [6.2645267, 49.7703942], [6.2645171, 49.7704418], [6.2646683, 49.770488], [6.26459, 49.7706593], [6.2645062, 49.7708426], [6.2644658, 49.7709227], [6.2643694, 49.771114], [6.2643259, 49.7712003], [6.2642888, 49.7712834], [6.264216, 49.7714467], [6.2640852, 49.77174], [6.2638242, 49.7723159], [6.2638039, 49.772368], [6.2636555, 49.7726946], [6.2634995, 49.7730118], [6.2634196, 49.7732033], [6.2632979, 49.7735241], [6.2632711, 49.7735212], [6.2632158, 49.7736112], [6.2631177, 49.7737705], [6.2629319, 49.7740639], [6.2627663, 49.7740272], [6.262622, 49.7742558], [6.2625747, 49.7743274], [6.2624674, 49.7744905], [6.262338, 49.774687], [6.262246, 49.7748324], [6.2621578, 49.7749718], [6.2621082, 49.7750502], [6.2620607, 49.7751253], [6.2620264, 49.7751796], [6.261971, 49.7752679], [6.261901, 49.7753794], [6.2617897, 49.7755566], [6.2617672, 49.7755983], [6.2616715, 49.7757752], [6.2614933, 49.7761046], [6.2613294, 49.7764077], [6.2615766, 49.7764389], [6.2616845, 49.7764525], [6.2617211, 49.7764571], [6.2619207, 49.7764823], [6.2620946, 49.7765042], [6.262152, 49.7765115], [6.2621864, 49.7765158], [6.2633573, 49.7766652], [6.2632699, 49.7769377], [6.2636701, 49.776975], [6.2635912, 49.7771504], [6.2635853, 49.7771636], [6.2635364, 49.7772722], [6.2634781, 49.777402], [6.2634582, 49.7774472], [6.2634391, 49.7774907], [6.2634033, 49.777572], [6.2633856, 49.7776122], [6.2633638, 49.7776618], [6.2633528, 49.7776868], [6.2633225, 49.7777557], [6.263276, 49.7778487], [6.2632374, 49.7779259], [6.2632352, 49.7779304], [6.2631962, 49.7780084], [6.2631644, 49.7780719], [6.2631236, 49.7781615], [6.2630691, 49.7782812], [6.263053, 49.7783165], [6.2629974, 49.7784385], [6.2629678, 49.7784962], [6.2629263, 49.7785772], [6.2628695, 49.778688], [6.2628176, 49.7787892], [6.2624688, 49.7786839], [6.2623161, 49.7786469], [6.26216, 49.7786148], [6.261906, 49.7785744], [6.2616901, 49.7785452], [6.2615244, 49.7785163], [6.2614278, 49.7784995], [6.2611738, 49.7784577], [6.2609296, 49.7784212], [6.2607537, 49.778395], [6.260603, 49.7783726], [6.2599967, 49.7782825], [6.2599884, 49.7782812], [6.2593625, 49.7781991], [6.2590669, 49.7781055], [6.2588377, 49.778027], [6.2584822, 49.7778816], [6.2571445, 49.7772899], [6.2567713, 49.7771249], [6.2567494, 49.7771421], [6.256739, 49.7771511], [6.2566907, 49.7771928], [6.2566804, 49.7772017], [6.256473, 49.7773667], [6.2564425, 49.7773919], [6.2563878, 49.7774371], [6.2563103, 49.7775012], [6.2561502, 49.7776335], [6.255938, 49.7778093], [6.2558375, 49.7778926], [6.2556902, 49.7780224], [6.2554986, 49.7782064], [6.2554623, 49.778254], [6.255334, 49.7784701], [6.2552889, 49.7785126], [6.2552184, 49.7785553], [6.2550953, 49.7786113], [6.254968, 49.778628], [6.2547277, 49.7786499], [6.2544509, 49.7786897], [6.2539135, 49.7787651], [6.2537249, 49.7783517], [6.2536499, 49.7782036], [6.2535729, 49.778118], [6.2533868, 49.7779789], [6.2530961, 49.7777628], [6.2528978, 49.7776164], [6.2527111, 49.777504], [6.2524948, 49.7774042], [6.2520904, 49.7772242], [6.251222, 49.7768511], [6.2511262, 49.776947], [6.2509446, 49.7771334], [6.2505105, 49.7775598], [6.2504618, 49.7776076], [6.2502044, 49.7778604], [6.2492805, 49.778756], [6.248811, 49.7792255], [6.2480527, 49.7799928], [6.2477309, 49.780371], [6.2482656, 49.7804996], [6.2481736, 49.7806132], [6.24808, 49.7807289], [6.247988, 49.7808425], [6.2479677, 49.7808356], [6.247939, 49.7808665], [6.2462835, 49.7804585], [6.2461611, 49.7806], [6.2461273, 49.7806391], [6.2460591, 49.7807179], [6.2459876, 49.7808004], [6.245953, 49.7808403], [6.2459332, 49.7808632], [6.2440135, 49.7800915], [6.2440087, 49.7800954], [6.2439364, 49.7801582], [6.2437865, 49.780288], [6.2437614, 49.7803098], [6.2436314, 49.7804225], [6.2435874, 49.7804606], [6.2435695, 49.7804781], [6.2435091, 49.7805375], [6.2434807, 49.7805653], [6.2434276, 49.7806175], [6.2433947, 49.7806497], [6.2433595, 49.7806843], [6.243298, 49.7807446], [6.2432849, 49.7807574], [6.2431996, 49.7808411], [6.2431558, 49.7808841], [6.2430923, 49.7809464], [6.2430273, 49.7810102], [6.2428265, 49.7812073], [6.2428022, 49.7812323], [6.2429819, 49.7812908], [6.2429577, 49.781323], [6.2428422, 49.781521], [6.2427736, 49.7816387], [6.2427302, 49.7817131], [6.2426498, 49.7818509], [6.2425728, 49.7819829], [6.2417612, 49.7817753], [6.2411538, 49.78162], [6.240099, 49.7813502], [6.2400052, 49.7814152], [6.2374315, 49.7810832], [6.2368909, 49.7822693], [6.2368488, 49.7823695], [6.2368274, 49.782422], [6.236723, 49.7826783], [6.2367055, 49.7827213], [6.236648, 49.7828622], [6.2366575, 49.7828694], [6.2367643, 49.7828656], [6.2368433, 49.7828706], [6.2369415, 49.7828793], [6.2370525, 49.7828956], [6.2371572, 49.7829157], [6.2372084, 49.7829307], [6.2372426, 49.7829496], [6.2373003, 49.782986], [6.2373473, 49.7830099], [6.2374156, 49.7830186], [6.2374733, 49.7830173], [6.2375757, 49.7830085], [6.2376697, 49.7829958], [6.2377124, 49.7829945], [6.2377935, 49.782997], [6.2379088, 49.7830095], [6.2379921, 49.783022], [6.2380903, 49.7830459], [6.2382057, 49.7830785], [6.238321, 49.7831086], [6.2384299, 49.7831337], [6.2385097, 49.7831478], [6.2385217, 49.7831499], [6.2385922, 49.7831568], [6.2386755, 49.7831631], [6.2387374, 49.783168], [6.2387694, 49.7831756], [6.2388335, 49.7831994], [6.2388741, 49.7832132], [6.2389189, 49.7832207], [6.2389851, 49.7832232], [6.2390364, 49.7832282], [6.2390898, 49.7832433], [6.2391474, 49.7832596], [6.2391795, 49.7832658], [6.2392136, 49.7832658], [6.2392478, 49.783257], [6.2392712, 49.7832469], [6.2392947, 49.7832469], [6.2393054, 49.7832519], [6.2393097, 49.7832658], [6.2393076, 49.7832809], [6.2393161, 49.7832896], [6.2393418, 49.7832934], [6.2394229, 49.7832971], [6.2395852, 49.7833171], [6.2398756, 49.7833496], [6.2402066, 49.783389], [6.2404265, 49.7834241], [6.2406208, 49.7834554], [6.2406828, 49.7834617], [6.240734, 49.7834616], [6.2408023, 49.7834566], [6.2408493, 49.7834565], [6.2408856, 49.7834565], [6.2409133, 49.7834628], [6.2409646, 49.7834791], [6.2410159, 49.7835067], [6.2410821, 49.7835318], [6.2411291, 49.7835494], [6.2411697, 49.7835733], [6.2412124, 49.783599], [6.2412659, 49.7836153], [6.2413598, 49.7836354], [6.2414794, 49.7836592], [6.2415242, 49.7836617], [6.241616, 49.7836515], [6.2416737, 49.7836415], [6.24171, 49.7836402], [6.2417462, 49.7836402], [6.2418018, 49.7836502], [6.2419171, 49.7836677], [6.2420837, 49.7836978], [6.2421264, 49.7837116], [6.2421606, 49.7837291], [6.2421777, 49.7837367], [6.2422076, 49.7837524], [6.242293, 49.7837611], [6.2423527, 49.7837535], [6.2423869, 49.7837259], [6.2424486, 49.7836215], [6.2424679, 49.78359], [6.2432436, 49.7836318], [6.2433368, 49.7836718], [6.243512, 49.7837283], [6.2436508, 49.7837646], [6.2442381, 49.7838718], [6.2451578, 49.7840497], [6.2485743, 49.7853785], [6.2485326, 49.7854228], [6.2476584, 49.7863519], [6.2464845, 49.7876128], [6.2467971, 49.7877777], [6.2465823, 49.7879324], [6.2463615, 49.7880915], [6.2463324, 49.7881124], [6.246137, 49.7882566], [6.2459789, 49.7883733], [6.2456789, 49.7885948], [6.2455224, 49.7887103], [6.2454169, 49.7887882], [6.2452952, 49.788878], [6.2451851, 49.7889593], [6.2450735, 49.7890417], [6.244784, 49.7888737], [6.2445593, 49.7887313], [6.2436951, 49.7880796], [6.2435472, 49.7879681], [6.2436547, 49.7878966], [6.243204, 49.7874641], [6.2424964, 49.7867851], [6.2421623, 49.7864645], [6.2420355, 49.7863427], [6.2418492, 49.7864667], [6.241627, 49.7866147], [6.2414566, 49.7867281], [6.2412163, 49.7868882], [6.2411859, 49.7869083], [6.2409482, 49.7870666], [6.2398689, 49.7867078], [6.2397632, 49.7866785], [6.2395351, 49.7866071], [6.2391838, 49.7865045], [6.2388168, 49.7864039], [6.2383432, 49.7862921], [6.2378225, 49.7861814], [6.237694, 49.7861541], [6.2375687, 49.7864865], [6.2373987, 49.7869228], [6.2373833, 49.7869624], [6.2370776, 49.7877688], [6.2369143, 49.7881997], [6.236678, 49.7888419], [6.2364511, 49.7894584], [6.2364493, 49.7894635], [6.236369, 49.7896815], [6.2362809, 49.7899212], [6.2362794, 49.7899251], [6.2362022, 49.7901358], [6.2361282, 49.7903376], [6.2360539, 49.7905404], [6.236052, 49.7905456], [6.235978, 49.7907475], [6.2356735, 49.7915797], [6.235656, 49.7916273], [6.2355777, 49.7918412], [6.234855, 49.7927208], [6.2345486, 49.7930725], [6.2341396, 49.7935333], [6.2341242, 49.7935507], [6.233844, 49.7938664], [6.2336633, 49.7938013], [6.2335271, 49.7937521], [6.2333354, 49.7938769], [6.2330864, 49.7940509], [6.2329378, 49.7941662], [6.2327725, 49.7943063], [6.2326592, 49.7944164], [6.2325756, 49.7945068], [6.2324921, 49.7946096], [6.2324197, 49.7947124], [6.2323571, 49.7948187], [6.2322917, 49.7949716], [6.2322436, 49.7951478], [6.232227, 49.7952907], [6.2322217, 49.7954431], [6.2322349, 49.7955843], [6.2322723, 49.7957553], [6.2323171, 49.7958851], [6.2323824, 49.7960375], [6.2324426, 49.7961428], [6.232124, 49.796301], [6.2318399, 49.7964421], [6.2316124, 49.7965506], [6.2311859, 49.7964326], [6.231134, 49.7964182], [6.2310383, 49.7963917], [6.230616, 49.7962683], [6.2302997, 49.7961827], [6.2301732, 49.7961545], [6.2300393, 49.7961297], [6.2299351, 49.7961027], [6.2296169, 49.7959962], [6.2288356, 49.7957786], [6.2287835, 49.7957668], [6.2286848, 49.7957217], [6.2285788, 49.79568], [6.2284839, 49.7956349], [6.2284206, 49.7956146], [6.2282569, 49.7955909], [6.2280802, 49.7955594], [6.2279519, 49.7955437], [6.2278608, 49.7955482], [6.2277399, 49.7955585], [6.2276041, 49.7955777], [6.2275508, 49.7955779], [6.2274427, 49.7955628], [6.2273079, 49.7955285], [6.2272423, 49.7955135], [6.227198, 49.7955049], [6.2271041, 49.7955081], [6.2269978, 49.795519], [6.2268879, 49.7955158], [6.2268134, 49.7955083], [6.2267478, 49.7954857], [6.2266964, 49.7954599], [6.226661, 49.7954524], [6.2266078, 49.7954503], [6.226544, 49.7954611], [6.2264465, 49.7954762], [6.2263827, 49.7954795], [6.2263048, 49.7954709], [6.2261966, 49.795444], [6.2260725, 49.7954075], [6.2260175, 49.7953828], [6.2259608, 49.7953484], [6.2259058, 49.7953086], [6.2258633, 49.7952925], [6.2258083, 49.7952796], [6.2257498, 49.7952818], [6.2256647, 49.7952856], [6.2256063, 49.7952878], [6.2255549, 49.7952814], [6.2255088, 49.7952642], [6.2254502, 49.7952233], [6.2254076, 49.7951878], [6.2253757, 49.7951717], [6.2253172, 49.795161], [6.2251613, 49.7951374], [6.2247465, 49.7950902], [6.2243743, 49.795077], [6.2244439, 49.7949686], [6.224517, 49.7948547], [6.2236931, 49.7945707], [6.2235585, 49.7945242], [6.2228628, 49.7942442], [6.2223377, 49.7939299], [6.2222071, 49.7938475], [6.2219852, 49.7936551], [6.2217312, 49.7934348], [6.2217247, 49.7933374], [6.2216577, 49.7931352], [6.221487, 49.792625], [6.2214799, 49.7925924], [6.2214678, 49.7925369], [6.2214075, 49.7922686], [6.2213223, 49.79189], [6.2213282, 49.7915308], [6.2212161, 49.7912502], [6.2208905, 49.7912999], [6.2206742, 49.7913324], [6.2202151, 49.791401], [6.2200978, 49.7914328], [6.2194665, 49.7915405], [6.2191513, 49.7915242], [6.2191375, 49.791328], [6.2191124, 49.7911931], [6.2190873, 49.791057], [6.2190407, 49.7909842], [6.2188796, 49.7908001], [6.2186633, 49.7905767], [6.2185664, 49.7905212], [6.2184903, 49.7904031], [6.2184197, 49.7901761], [6.2183675, 49.7900373], [6.2182004, 49.7896989], [6.2181027, 49.789488], [6.2180765, 49.7893472], [6.2180408, 49.7893629], [6.217956, 49.7894033], [6.2179372, 49.7894123], [6.2175935, 49.7895763], [6.2172446, 49.7898298], [6.2172586, 49.7898535], [6.2172827, 49.789894], [6.2173506, 49.7900083], [6.2174455, 49.7901681], [6.2174811, 49.790228], [6.2172511, 49.7902635], [6.2168061, 49.7903579], [6.2160058, 49.7905414], [6.2154772, 49.7906966], [6.2150568, 49.7908343], [6.2147396, 49.7909474], [6.2145565, 49.7910177], [6.2142025, 49.7911713], [6.2136469, 49.7914337], [6.2134379, 49.7915148], [6.212945, 49.7916866], [6.212382, 49.7918925], [6.2118104, 49.7920962], [6.2116309, 49.7921353], [6.2113604, 49.7921948], [6.211208, 49.7922803], [6.2110187, 49.7924064], [6.2104448, 49.7928302], [6.2102457, 49.792975], [6.2099274, 49.7932018], [6.2098119, 49.7932974], [6.2097087, 49.793393], [6.2095539, 49.7935755], [6.2095097, 49.7936204], [6.209431, 49.7936741], [6.2092823, 49.7937559], [6.2090659, 49.7938559], [6.2087684, 49.7939617], [6.2086455, 49.7940009], [6.208493, 49.7940328], [6.2083356, 49.7940575], [6.2082274, 49.7940734], [6.208176, 49.7940773], [6.2081264, 49.7940686], [6.2080818, 49.7940476], [6.2080394, 49.7940815], [6.2078269, 49.7942516], [6.2075771, 49.7945661], [6.2076299, 49.7949561], [6.2077977, 49.7949428], [6.2080259, 49.7949248], [6.2081251, 49.794917], [6.2082253, 49.7950889], [6.2082471, 49.795152], [6.2082715, 49.7952689], [6.208278, 49.7954028], [6.2082612, 49.7955173], [6.208229, 49.7956493], [6.2081792, 49.7958127], [6.2081574, 49.7958873], [6.2081494, 49.7959367], [6.2081494, 49.7959823], [6.2081672, 49.7960555], [6.2081705, 49.7960973], [6.2081673, 49.7961248], [6.208123, 49.7961899], [6.208065, 49.7962441], [6.2079795, 49.7962973], [6.2078537, 49.7963676], [6.2077279, 49.7964446], [6.2076263, 49.7965225], [6.2075014, 49.7966256], [6.2073385, 49.7967758], [6.2072128, 49.7968974], [6.20717, 49.7969302], [6.207083, 49.7969853], [6.2069733, 49.7970481], [6.2068152, 49.7971251], [6.2066153, 49.7972211], [6.206479, 49.7972833], [6.2063419, 49.7973594], [6.2061645, 49.7974772], [6.2059532, 49.7976217], [6.2058041, 49.7977115], [6.2056364, 49.797836], [6.2054445, 49.7979852], [6.2053352, 49.7978645], [6.2049919, 49.7980229], [6.2047629, 49.7981189], [6.2045499, 49.798176], [6.2044338, 49.7981998], [6.2042184, 49.7982326], [6.2037634, 49.7982917], [6.2032665, 49.7983688], [6.2031399, 49.7983892], [6.2028979, 49.7984378], [6.2024994, 49.7985243], [6.2025064, 49.7985371], [6.2026092, 49.7987257], [6.2025133, 49.7987376], [6.2024739, 49.7987528], [6.202336, 49.7988063], [6.2022012, 49.7988585], [6.2020093, 49.7989329], [6.2015214, 49.7991104], [6.2014845, 49.799129], [6.200756, 49.7992355], [6.1993307, 49.7994763], [6.1979712, 49.7997109], [6.1979, 49.7997264], [6.1979594, 49.7998792], [6.198131, 49.8002949], [6.1982115, 49.8004942], [6.1982485, 49.8006524], [6.1982538, 49.8008044], [6.1982434, 49.800972], [6.1981948, 49.8011465], [6.1981317, 49.8013683], [6.1980343, 49.8016631], [6.19795, 49.8016724], [6.1974335, 49.8017226], [6.1971179, 49.8017549], [6.1967794, 49.8017895], [6.196732, 49.8017957], [6.1966759, 49.801802], [6.1960193, 49.8019809], [6.1959041, 49.8020145], [6.1955258, 49.8021995], [6.1952624, 49.8022374], [6.1952928, 49.8023109], [6.1950648, 49.8024233], [6.1950385, 49.8024362], [6.1947277, 49.8025894], [6.1943037, 49.802821], [6.1942833, 49.8028322], [6.1941898, 49.8029095], [6.1941481, 49.8029441], [6.1941018, 49.8029824], [6.1940843, 49.8029969], [6.1939905, 49.8030745], [6.1937506, 49.8032729], [6.1935214, 49.8034625], [6.1934985, 49.803457], [6.1934155, 49.8034374], [6.1932772, 49.8034047], [6.1931422, 49.8033728], [6.1930147, 49.8033426], [6.192787, 49.8032888], [6.1925397, 49.8032175], [6.1924499, 49.8031916], [6.1921256, 49.803093], [6.1918271, 49.8029844], [6.1916596, 49.802925], [6.1916134, 49.8029061], [6.1911871, 49.8027311], [6.1910498, 49.802855], [6.1909597, 49.8029549], [6.1908266, 49.8031571], [6.1907151, 49.8033246], [6.1908761, 49.803427], [6.1908654, 49.8034599], [6.1912692, 49.8036443], [6.1915463, 49.803813], [6.1916945, 49.8039103], [6.1919004, 49.8040734], [6.191905, 49.8040771], [6.1920145, 49.8042054], [6.1921198, 49.8043482], [6.1921206, 49.8044134], [6.1921221, 49.8045378], [6.1921242, 49.8045896], [6.1920792, 49.8046288], [6.1919075, 49.8046258], [6.1916627, 49.8046145], [6.1914522, 49.804588], [6.1911988, 49.8045349], [6.1910957, 49.804511], [6.1909776, 49.8044819], [6.1908745, 49.8044554], [6.1907392, 49.8044213], [6.1906211, 49.8043872], [6.1904729, 49.8043417], [6.1904149, 49.8043291], [6.1903076, 49.8043127], [6.1896745, 49.8051673], [6.1894856, 49.8054163], [6.1894127, 49.8055162], [6.1892968, 49.8056742], [6.188904, 49.8062039], [6.1887602, 49.8063835], [6.1887397, 49.8064111], [6.1886548, 49.8064019], [6.1886843, 49.806458], [6.1888682, 49.8067642], [6.1891633, 49.8072286], [6.1894323, 49.8076695], [6.1896266, 49.8079961], [6.1899095, 49.8084554], [6.1900137, 49.8085983], [6.1899999, 49.8086083], [6.1900308, 49.808667], [6.1901787, 49.8089482], [6.190444, 49.8089594], [6.190522, 49.8089636], [6.1907526, 49.8089728], [6.190881, 49.8089715], [6.190966, 49.8089707], [6.1911309, 49.8092973], [6.1912003, 49.8094565], [6.1912211, 49.8095219], [6.1912351, 49.8096352], [6.1912265, 49.8097362], [6.1911953, 49.8098985], [6.1910983, 49.8100894], [6.1909406, 49.8103477], [6.1910552, 49.8106243], [6.1911978, 49.8109675], [6.1915046, 49.8117058], [6.1915228, 49.8117532], [6.1915398, 49.8117978], [6.1915467, 49.8118152], [6.1916352, 49.8120383], [6.1916431, 49.812099], [6.1916273, 49.8122554], [6.1916036, 49.8124632], [6.191461, 49.8127435], [6.1913777, 49.8128929], [6.1912351, 49.8132572], [6.191144, 49.8135467], [6.1911242, 49.8136681], [6.1911243, 49.813932], [6.1911244, 49.8140954], [6.1910808, 49.8142425], [6.1909659, 49.8145017], [6.190851, 49.8147516], [6.1906924, 49.8150084], [6.1905142, 49.8153092], [6.1902841, 49.8156973], [6.1900422, 49.8160756], [6.1897687, 49.8163979], [6.189503, 49.8166921], [6.1893919, 49.8167692], [6.1890032, 49.8170215], [6.1885704, 49.8174579], [6.1883313, 49.817699], [6.1881431, 49.8177915], [6.1879867, 49.8178683], [6.1876937, 49.8180122], [6.187745, 49.8181716], [6.1877631, 49.8182391], [6.1878882, 49.8186406], [6.1880549, 49.8191758], [6.1881845, 49.8195726], [6.1883455, 49.8200802], [6.1884441, 49.8203769], [6.1885499, 49.8206949], [6.1886007, 49.8208477], [6.188619, 49.8209876], [6.1886313, 49.8210286], [6.188725, 49.8213399], [6.1889276, 49.8217981], [6.1891371, 49.8222719], [6.1882041, 49.8225029], [6.1873462, 49.8227151], [6.1855255, 49.8230297], [6.1850275, 49.8229481], [6.1842317, 49.8228148], [6.1838531, 49.8227622], [6.183797, 49.8227549], [6.1837719, 49.8227525], [6.1827759, 49.8226575], [6.1819279, 49.8226002], [6.1818628, 49.8225932], [6.1807588, 49.8223338], [6.1797673, 49.8221232], [6.1788438, 49.8219575], [6.1784839, 49.8218999], [6.1784241, 49.8218903], [6.1777575, 49.8216943], [6.1768517, 49.8214256], [6.1757929, 49.8211285], [6.1757778, 49.8211243], [6.1749986, 49.8208828], [6.1727413, 49.8210391], [6.1709932, 49.8212571], [6.168685, 49.8217892], [6.1679174, 49.8221151], [6.167542, 49.8222301], [6.166862, 49.8224384], [6.1658274, 49.8223063], [6.1649126, 49.8222046], [6.1648656, 49.8221994], [6.1645089, 49.8221597], [6.1644642, 49.8221547], [6.1644152, 49.8221492], [6.1641453, 49.8221192], [6.162645, 49.8226914], [6.1615503, 49.8218053], [6.1607494, 49.8214183], [6.160001, 49.8210556], [6.1597454, 49.8209476], [6.1586211, 49.8204717], [6.1578673, 49.8201952], [6.1569856, 49.8198813], [6.1562952, 49.8196279], [6.1554754, 49.8193472], [6.1543986, 49.8190054], [6.1542025, 49.8189478], [6.1539135, 49.8188723], [6.1536119, 49.818782], [6.1526507, 49.8184269], [6.152525, 49.8186503], [6.1522069, 49.8185365], [6.152073, 49.8184886], [6.1519544, 49.8184462], [6.1516605, 49.818341], [6.151296, 49.8184815], [6.1512152, 49.8185202], [6.1510798, 49.818585], [6.1508435, 49.8187003], [6.1506964, 49.8188734], [6.150587, 49.8190656], [6.1504965, 49.8192712], [6.1506825, 49.8193304], [6.1506347, 49.819459], [6.1505705, 49.8196439], [6.1505504, 49.8197696], [6.1505251, 49.8200447], [6.1507726, 49.8203568], [6.1508731, 49.8204988], [6.1509057, 49.8205417], [6.1509245, 49.8205717], [6.1509836, 49.820666], [6.1509986, 49.8206931], [6.1511657, 49.8209943], [6.1507039, 49.8214382], [6.150678, 49.8214631], [6.1506728, 49.8214682], [6.1504431, 49.8216933], [6.1504774, 49.8218846], [6.1505221, 49.8221348], [6.1505652, 49.8222753], [6.1506125, 49.8224299], [6.1506271, 49.8224704], [6.1507301, 49.8227559], [6.1507553, 49.8228258], [6.1507726, 49.8228736], [6.1505501, 49.8232451], [6.150103, 49.8239917], [6.1500897, 49.8240139], [6.1497601, 49.8246267], [6.1494756, 49.8251554], [6.1491331, 49.825657], [6.1479108, 49.8263961], [6.1478122, 49.8263639], [6.1475806, 49.8262881], [6.1474568, 49.8262477], [6.147032, 49.8261145], [6.1467153, 49.8260346], [6.1464112, 49.8259606], [6.1461998, 49.8261971], [6.1460184, 49.8264001], [6.1459812, 49.8264417], [6.1459585, 49.826467], [6.1457162, 49.8267381], [6.1452641, 49.8264976], [6.1446605, 49.8261918], [6.1441293, 49.8258985], [6.1435679, 49.8255974], [6.1432568, 49.8254454], [6.143158, 49.8254097], [6.1430314, 49.8253708], [6.1429724, 49.825358], [6.1428891, 49.8253398], [6.1427493, 49.8253196], [6.1425569, 49.8252854], [6.1423302, 49.8252295], [6.1421974, 49.8251842], [6.1421779, 49.8251776], [6.1420797, 49.8251441], [6.1415136, 49.8249174], [6.1409792, 49.8247033], [6.1403518, 49.824458], [6.1398787, 49.8242702], [6.1396612, 49.8241693], [6.1393067, 49.8240048], [6.1390431, 49.8238729], [6.1386886, 49.8236664], [6.1385821, 49.8236031], [6.1378321, 49.8231574], [6.1373537, 49.8228485], [6.1372088, 49.8227508], [6.1370624, 49.8226536], [6.1366198, 49.8223597], [6.1360004, 49.8220601], [6.1354668, 49.8217466], [6.1351439, 49.8215536], [6.1349239, 49.8214222], [6.1346169, 49.8212328], [6.1343929, 49.8211257], [6.1339773, 49.8209402], [6.1338157, 49.820868], [6.1332662, 49.8205964], [6.1330922, 49.8205064], [6.1328999, 49.8204024], [6.1327075, 49.8202751], [6.1324387, 49.8200842], [6.1320751, 49.8198203], [6.1318621, 49.8196372], [6.1316877, 49.8194966], [6.1307753, 49.8190847], [6.1307288, 49.8190519], [6.1306853, 49.8191048], [6.1305799, 49.8190865], [6.1303907, 49.819049], [6.1302263, 49.8190115], [6.1301604, 49.818986], [6.1300829, 49.8189531], [6.1300596, 49.8189339], [6.1299558, 49.8188508], [6.1299109, 49.8188097], [6.1298504, 49.8187632], [6.1297465, 49.8187047], [6.1296543, 49.8186445], [6.129583, 49.8185769], [6.1294962, 49.8184938], [6.1293955, 49.8184472], [6.1293195, 49.8183906], [6.1292482, 49.8183669], [6.1291544, 49.8183203], [6.1290412, 49.8182774], [6.1289838, 49.8182637], [6.1287667, 49.818238], [6.1287032, 49.8182216], [6.1285621, 49.8181795], [6.1284116, 49.8181558], [6.1283279, 49.8181338], [6.1282865, 49.8181148], [6.1282643, 49.8181046], [6.1282501, 49.818079], [6.1282539, 49.8180014], [6.1282372, 49.8179576], [6.1282001, 49.8178953], [6.128137, 49.8178198], [6.1280655, 49.8177411], [6.1279634, 49.8176547], [6.1278315, 49.8175694], [6.1277294, 49.8175147], [6.1275437, 49.8174425], [6.1273543, 49.8173713], [6.1272363, 49.8173276], [6.1271305, 49.8172947], [6.1268667, 49.8172334], [6.1267423, 49.8172071], [6.126668, 49.817183], [6.1265956, 49.8171404], [6.126538, 49.8170999], [6.1265008, 49.8170846], [6.1264563, 49.8170835], [6.1264005, 49.8170933], [6.1263373, 49.8170976], [6.1262946, 49.8170933], [6.1262408, 49.8170757], [6.1261906, 49.8170451], [6.1261201, 49.8169948], [6.1261032, 49.816985], [6.1260671, 49.8169642], [6.1260412, 49.8169336], [6.12603, 49.8168986], [6.1260264, 49.816845], [6.1260152, 49.8168319], [6.1259948, 49.8168198], [6.1259707, 49.8168231], [6.1259298, 49.8168318], [6.1258963, 49.8168307], [6.1258722, 49.8168187], [6.1258276, 49.8167903], [6.1258017, 49.8167574], [6.125798, 49.8167061], [6.1257757, 49.8166765], [6.1257386, 49.8166667], [6.125707, 49.8166809], [6.125694, 49.8167016], [6.1256846, 49.8167301], [6.1256605, 49.8167355], [6.1255881, 49.8166819], [6.1255008, 49.8166294], [6.1254191, 49.8165911], [6.1253959, 49.8165769], [6.1253588, 49.8165343], [6.1253217, 49.8164982], [6.1252623, 49.8164577], [6.1250933, 49.8163866], [6.1249224, 49.8163198], [6.1247163, 49.8162202], [6.124487, 49.8161119], [6.1242047, 49.8159708], [6.124149, 49.8159412], [6.1241286, 49.815915], [6.1240915, 49.8158581], [6.1240636, 49.8158297], [6.1240339, 49.81581], [6.1239894, 49.8157892], [6.1239318, 49.8157761], [6.1237999, 49.8157563], [6.1237126, 49.8157279], [6.1236383, 49.8157049], [6.1234266, 49.8156534], [6.1232557, 49.8156118], [6.1231722, 49.8155845], [6.1231072, 49.8155615], [6.1229326, 49.8155144], [6.1227738, 49.8154413], [6.1224597, 49.8152831], [6.1223135, 49.8152181], [6.1222655, 49.8151997], [6.1220809, 49.8151488], [6.1219646, 49.815081], [6.12178, 49.8149821], [6.1214995, 49.814862], [6.1209216, 49.814619], [6.1205968, 49.8144735], [6.1202779, 49.8143322], [6.1200165, 49.8142234], [6.119736, 49.8140849], [6.1194567, 49.813993], [6.1191378, 49.8138828], [6.1188332, 49.8138107], [6.1185695, 49.8137188], [6.1183105, 49.8136326], [6.1179604, 49.813528], [6.117608, 49.8134333], [6.1174809, 49.8133894], [6.1174066, 49.8133541], [6.1172843, 49.8132679], [6.117234, 49.8132397], [6.1170206, 49.8131478], [6.1167042, 49.8129233], [6.1163339, 49.8126521], [6.1162261, 49.8125821], [6.116038, 49.8124874], [6.1155992, 49.8123093], [6.1154698, 49.8122274], [6.1154219, 49.8122048], [6.1153355, 49.8121765], [6.1150934, 49.8121016], [6.1148464, 49.8120012], [6.1146618, 49.8119292], [6.1136308, 49.8116111], [6.1132856, 49.8114839], [6.1132688, 49.8114669], [6.1132641, 49.8114443], [6.1132497, 49.8114231], [6.1132305, 49.8114104], [6.1132065, 49.8114034], [6.1131562, 49.8113991], [6.1131082, 49.811385], [6.1129261, 49.8112818], [6.1128062, 49.8112239], [6.1126816, 49.8111462], [6.1122393, 49.8109399], [6.1121607, 49.8109031], [6.1121458, 49.8108961], [6.1118045, 49.8109105], [6.1117045, 49.8109156], [6.1115654, 49.8109001], [6.1113232, 49.8108618], [6.111256, 49.8108477], [6.1110953, 49.8108518], [6.1107081, 49.8107331], [6.1105713, 49.810689], [6.110392, 49.8106311], [6.1103482, 49.810617], [6.110179, 49.810572], [6.109978, 49.8105201], [6.1095503, 49.8104096], [6.1094709, 49.8103891], [6.1092779, 49.8103526], [6.109175, 49.8104353], [6.1089288, 49.810602], [6.1086823, 49.8108059], [6.1084423, 49.8110627], [6.1082736, 49.8113121], [6.1081049, 49.8115304], [6.1079991, 49.811788], [6.1079663, 49.8119771], [6.1080594, 49.8123689], [6.1080635, 49.8127076], [6.108007, 49.8128635], [6.1078533, 49.8129721], [6.1073823, 49.8132394], [6.1068379, 49.8135338], [6.1064804, 49.8136934], [6.1061285, 49.8138427], [6.1060797, 49.813911], [6.1060423, 49.8139627], [6.1056914, 49.8142133], [6.1054822, 49.8143627], [6.1051508, 49.8145489], [6.1049426, 49.814623], [6.1049142, 49.8146332], [6.1043865, 49.814821], [6.1041715, 49.8148976], [6.1037569, 49.8149978], [6.1037311, 49.815004], [6.1036026, 49.8150075], [6.1034151, 49.8150124], [6.1032975, 49.8150156], [6.1029336, 49.8149789], [6.102725, 49.8150171], [6.1027434, 49.81496], [6.1023965, 49.8148868], [6.1021502, 49.8148349], [6.1018581, 49.8147734], [6.1018112, 49.8147081], [6.1017812, 49.8146664], [6.1017773, 49.8146609], [6.1014158, 49.8146147], [6.1010028, 49.814598], [6.1008414, 49.8146096], [6.0997938, 49.8147655], [6.0997149, 49.8147725], [6.0993647, 49.8147658], [6.0992196, 49.8147998], [6.0992215, 49.8148025], [6.0989958, 49.8148267], [6.0988385, 49.8148563], [6.0987261, 49.8148853], [6.098589, 49.8149428], [6.0984411, 49.814989], [6.0983549, 49.8149919], [6.0981439, 49.8149517], [6.0981248, 49.814948], [6.0978958, 49.8149361], [6.0978728, 49.8149322], [6.0975613, 49.8149054], [6.0972766, 49.8147969], [6.0970313, 49.8148781], [6.0967768, 49.8148983], [6.0965327, 49.8149775], [6.0964696, 49.8150022], [6.0958679, 49.8153598], [6.0957573, 49.8154266], [6.0956145, 49.8155128], [6.0949578, 49.8160352], [6.0946552, 49.8163678], [6.0945438, 49.8165772], [6.0944944, 49.8167302], [6.0945012, 49.8169418], [6.0945994, 49.8170898], [6.094799, 49.8172399], [6.0950352, 49.8173633], [6.0957652, 49.8177242], [6.0962646, 49.8179228], [6.096454, 49.8180297], [6.0965395, 49.8181222], [6.0965442, 49.8181962], [6.0964931, 49.8183646], [6.0963905, 49.8186069], [6.0962472, 49.8189242], [6.0959682, 49.8193164], [6.0955985, 49.819914], [6.0953036, 49.8203359], [6.0950605, 49.8206429], [6.0947403, 49.8209816], [6.094448, 49.8212362], [6.0941994, 49.8214712], [6.0937611, 49.8217349], [6.0931967, 49.8220571], [6.0926839, 49.8222807], [6.0919737, 49.8224546], [6.0915214, 49.8225406], [6.0912896, 49.822636], [6.0911943, 49.8227468], [6.0911681, 49.8228296], [6.0910712, 49.8228453], [6.0909886, 49.8228681], [6.0909152, 49.8228556], [6.090257, 49.8227918], [6.0898388, 49.8227565], [6.0897651, 49.8227732], [6.0894583, 49.8227522], [6.0890238, 49.8227176], [6.0879248, 49.8226358], [6.087688, 49.8226182], [6.0874599, 49.8226012], [6.0867152, 49.8225447], [6.0863428, 49.8225183], [6.0857653, 49.8224847], [6.085312, 49.8224854], [6.0847429, 49.8225131], [6.0842152, 49.8226993], [6.0835682, 49.822951], [6.0830755, 49.8230098], [6.0825903, 49.8230676], [6.0825721, 49.8230698], [6.082131, 49.8231454], [6.0812802, 49.823388], [6.0802708, 49.8236924], [6.0794176, 49.8240419], [6.0782451, 49.8243883], [6.0770574, 49.8247375], [6.076136, 49.8249322], [6.0748531, 49.825055], [6.0729898, 49.8254092], [6.0728438, 49.8254361], [6.0727768, 49.8254484], [6.0729147, 49.8255749], [6.0733314, 49.8259881], [6.0737932, 49.8264432], [6.0737813, 49.8265093], [6.0736828, 49.8270547], [6.073529, 49.8277658], [6.074022, 49.8283126], [6.0744666, 49.8287331], [6.0745897, 49.8288289], [6.0747001, 49.8287572], [6.0748729, 49.8288518], [6.074744, 49.8289966], [6.0750615, 49.8291936], [6.0750458, 49.8294515], [6.0745656, 49.8295522], [6.0740763, 49.8293138], [6.0732875, 49.829522], [6.0724041, 49.8297552], [6.0724966, 49.8300031], [6.0720676, 49.8300095], [6.0711179, 49.8299921], [6.0710686, 49.8299912], [6.070391, 49.8300316], [6.0703113, 49.8300363], [6.0694289, 49.8300758], [6.0686598, 49.8301156], [6.0678784, 49.830154], [6.0670894, 49.8301668], [6.0669034, 49.8301733], [6.0663717, 49.8301876], [6.0663212, 49.830189], [6.0663015, 49.830189], [6.0661442, 49.8301941], [6.065936, 49.8302008], [6.0643697, 49.8303582], [6.0640601, 49.8309076], [6.0640161, 49.8309338], [6.0639395, 49.830927], [6.0639329, 49.8309517], [6.0639315, 49.8309684], [6.0639099, 49.8312247], [6.0638889, 49.8314591], [6.0638762, 49.8315936], [6.0638759, 49.8315965], [6.0638859, 49.8318103], [6.0638902, 49.831941], [6.0638932, 49.8319984], [6.0638954, 49.8320414], [6.0639229, 49.8321414], [6.0639481, 49.8322447], [6.0639963, 49.8324167], [6.0640271, 49.8324776], [6.0641075, 49.8326379], [6.0641867, 49.8327921], [6.0642346, 49.8328809], [6.0643964, 49.8328347], [6.0645706, 49.833076], [6.0646639, 49.8332073], [6.0648662, 49.8334911], [6.0651104, 49.8337716], [6.0654145, 49.8341218], [6.0654388, 49.8341487], [6.0653216, 49.8341737], [6.065243, 49.8342534], [6.0651798, 49.83424], [6.0651185, 49.8342333], [6.0650662, 49.8342333], [6.0650373, 49.8342421], [6.064956, 49.8342709], [6.0648738, 49.8343074], [6.064574, 49.8344381], [6.0642515, 49.8341649], [6.0634584, 49.8328793], [6.0634534, 49.8327945], [6.0623794, 49.8311957], [6.062101, 49.8308582], [6.0619285, 49.8306214], [6.0618431, 49.8305558], [6.0617226, 49.8305076], [6.0615266, 49.8304564], [6.0610663, 49.83039], [6.0601599, 49.8303121], [6.0597471, 49.8302739], [6.0594618, 49.8302345], [6.0591986, 49.830177], [6.058921, 49.8300852], [6.058714, 49.8300053], [6.0580657, 49.8297447], [6.0572277, 49.8293609], [6.0569925, 49.8292348], [6.0565814, 49.8290056], [6.0565641, 49.828868], [6.0564629, 49.8287707], [6.0563628, 49.8287292], [6.0560361, 49.8286157], [6.0557164, 49.8285068], [6.055273, 49.8283675], [6.0545236, 49.8281583], [6.0534906, 49.8278711], [6.0531397, 49.8277634], [6.05291, 49.8276894], [6.0527702, 49.8276306], [6.0524691, 49.8274909], [6.0521087, 49.8273094], [6.0517052, 49.8270927], [6.0513957, 49.8269624], [6.051132, 49.8268636], [6.0508848, 49.8267852], [6.0506617, 49.8267288], [6.0503956, 49.826674], [6.0501418, 49.8266235], [6.0501635, 49.826602], [6.0503265, 49.8264808], [6.0504583, 49.8263809], [6.0506065, 49.8262655], [6.0507106, 49.8261646], [6.050792, 49.8260793], [6.050917, 49.8259378], [6.0510012, 49.8258356], [6.0511316, 49.8256908], [6.0512881, 49.8255047], [6.0514755, 49.8253184], [6.0514705, 49.8253165], [6.0510251, 49.8251462], [6.0509544, 49.825121], [6.0501625, 49.8247919], [6.0501088, 49.824773], [6.0497262, 49.8246389], [6.0494404, 49.8245387], [6.0490018, 49.8243849], [6.0481003, 49.8249664], [6.0474225, 49.8254048], [6.0473148, 49.8254725], [6.0470086, 49.8256604], [6.0467462, 49.8258254], [6.0452163, 49.8266245], [6.0450299, 49.8267219], [6.0438276, 49.826746], [6.041892, 49.8265837], [6.0418341, 49.8265651], [6.0418122, 49.8265581], [6.041689, 49.8265185], [6.0415538, 49.8264751], [6.0403489, 49.8260879], [6.040775, 49.8254625], [6.0409988, 49.8246951], [6.0411568, 49.824153], [6.0411219, 49.824064], [6.0411013, 49.8239938], [6.0410375, 49.823771], [6.0409835, 49.8235819], [6.0409715, 49.8235399], [6.0407658, 49.8228208], [6.040004, 49.8227216], [6.0391026, 49.8225914], [6.0389545, 49.8225627], [6.0388503, 49.8225426], [6.0380255, 49.8223831], [6.0376425, 49.822302], [6.0372856, 49.8222202], [6.0371174, 49.8221764], [6.0368615, 49.8221176], [6.0364762, 49.8220271], [6.0359072, 49.8217937], [6.0354092, 49.8215232], [6.0352829, 49.8214338], [6.0351791, 49.8213672], [6.0350474, 49.8212861], [6.0350202, 49.8212693], [6.0347817, 49.8210982], [6.0345383, 49.8209337], [6.033722, 49.8205264], [6.0330789, 49.8202115], [6.0327769, 49.8200376], [6.0322605, 49.819737], [6.0322294, 49.8196181], [6.0321417, 49.819287], [6.0321105, 49.8191691], [6.032058, 49.8189603], [6.0320485, 49.8189227], [6.0320255, 49.8188082], [6.0319869, 49.8185765], [6.0319273, 49.8182177], [6.0318844, 49.8182077], [6.0317456, 49.8174191], [6.0317525, 49.8173222], [6.0315971, 49.8168977], [6.0312561, 49.8163431], [6.0309391, 49.815836], [6.030626, 49.8153147], [6.0305534, 49.8151937], [6.0304748, 49.8150572], [6.0302137, 49.8146035], [6.0300616, 49.8143635], [6.0300587, 49.8143589], [6.0297753, 49.8139115], [6.029514, 49.8136424], [6.0293796, 49.8135098], [6.0292355, 49.8133425], [6.029036, 49.8131376], [6.0289297, 49.8130438], [6.0285969, 49.8126997], [6.0285741, 49.8125406], [6.0285665, 49.8124875], [6.0285468, 49.8123506], [6.0285906, 49.8122717], [6.0286626, 49.8121595], [6.0287654, 49.8119487], [6.0287665, 49.8119446], [6.0288719, 49.811569], [6.0287717, 49.811456], [6.0284092, 49.8110469], [6.0282023, 49.8107604], [6.0279175, 49.8103628], [6.0280094, 49.810173], [6.0283274, 49.8096683], [6.0283457, 49.8096393], [6.028645, 49.8095287], [6.0292196, 49.8093167], [6.0300409, 49.8091224], [6.0301454, 49.8090771], [6.0305921, 49.8088667], [6.0305922, 49.8088667], [6.0299442, 49.8081986], [6.0300062, 49.8081668], [6.0306022, 49.8076994], [6.0309939, 49.8075169], [6.031067, 49.8074829], [6.0314161, 49.8073196], [6.0314439, 49.8073014], [6.0315677, 49.8072418], [6.0316612, 49.8072006], [6.0320404, 49.8070212], [6.0324677, 49.806819], [6.0331228, 49.8065246], [6.0332475, 49.8064686], [6.033566, 49.8063254], [6.0341435, 49.8060559], [6.0344732, 49.805902], [6.0344835, 49.8058972], [6.0347299, 49.8057818], [6.0355806, 49.8053833], [6.0358364, 49.8052634], [6.0367399, 49.8048421], [6.0369009, 49.8047671], [6.0369172, 49.8047577], [6.0370598, 49.8046763], [6.0378934, 49.8041701], [6.037904, 49.8041637], [6.0385693, 49.80377], [6.0381667, 49.8037244], [6.037542, 49.8036537], [6.0373791, 49.8036352], [6.0370703, 49.8036091], [6.0368059, 49.8035868], [6.036521, 49.8035627], [6.035932, 49.803513], [6.0351019, 49.8034428], [6.0350642, 49.8034397], [6.0350576, 49.8034375], [6.0345924, 49.8032847], [6.0337136, 49.8029961], [6.0335292, 49.802899], [6.0334567, 49.8028646], [6.0333041, 49.8027922], [6.0330438, 49.8026871], [6.0327986, 49.8025961], [6.0325474, 49.8025189], [6.0324579, 49.8024914], [6.0319677, 49.8023407], [6.0318256, 49.8022945], [6.0317096, 49.8022567], [6.0312825, 49.8021056], [6.0311054, 49.8020429], [6.0309867, 49.8020014], [6.0306885, 49.8018973], [6.0303334, 49.8017734], [6.0301867, 49.8017221], [6.0298421, 49.8015826], [6.0291352, 49.801257], [6.0288424, 49.8008475], [6.0287964, 49.8007637], [6.0287569, 49.8007592], [6.0287278, 49.8007511], [6.0287034, 49.8007394], [6.0286521, 49.8007247], [6.0285945, 49.8007157], [6.0285466, 49.8007132], [6.0285072, 49.8007045], [6.028435, 49.800686], [6.0283447, 49.8006652], [6.0282708, 49.8006478], [6.0282066, 49.8006388], [6.0281289, 49.8006391], [6.0280858, 49.8006418], [6.0280495, 49.8006373], [6.0280143, 49.8006276], [6.0279502, 49.8006154], [6.0278515, 49.8005988], [6.0277461, 49.8005831], [6.0276688, 49.8005698], [6.0275733, 49.8005585], [6.0275204, 49.8005559], [6.0274742, 49.8005544], [6.0274412, 49.8005499], [6.0274151, 49.8005392], [6.0273906, 49.8005295], [6.0273628, 49.8005177], [6.0273366, 49.8005112], [6.0272921, 49.8005055], [6.0272603, 49.8005033], [6.0272146, 49.8004975], [6.027172, 49.8004856], [6.0270951, 49.8004587], [6.0269141, 49.8004999], [6.0268151, 49.8004566], [6.0267382, 49.8004465], [6.026727, 49.8004372], [6.0266781, 49.8003967], [6.0265009, 49.8004282], [6.0264605, 49.8004013], [6.0264456, 49.8003915], [6.0264015, 49.8003624], [6.0262811, 49.8002832], [6.0260348, 49.8001119], [6.0259802, 49.7999251], [6.0259743, 49.7998969], [6.0255689, 49.7999993], [6.0255391, 49.799991], [6.0250881, 49.7998654], [6.0247112, 49.7997677], [6.0244386, 49.7996981], [6.0242874, 49.7996595], [6.0239765, 49.7995904], [6.0235064, 49.7994766], [6.022966, 49.7993126], [6.0227767, 49.7992552], [6.0224411, 49.7991533], [6.0220146, 49.7990373], [6.0218531, 49.7990011], [6.0213935, 49.798888], [6.0213276, 49.7988718], [6.0211903, 49.7988428], [6.0210968, 49.7988169], [6.0204131, 49.7986742], [6.0199816, 49.7985762], [6.0195024, 49.7984674], [6.0197185, 49.7978966], [6.019942, 49.7976539], [6.0203602, 49.7972079], [6.0205769, 49.7969694], [6.0207001, 49.79682], [6.0206296, 49.7967902], [6.0205621, 49.7967652], [6.0205014, 49.7967474], [6.0204492, 49.7967349], [6.0203598, 49.796713], [6.0203227, 49.7967036], [6.0202841, 49.7966885], [6.0202369, 49.7966677], [6.0201341, 49.7966218], [6.0200195, 49.7965781], [6.0198711, 49.796538], [6.0197801, 49.7965134], [6.0197025, 49.7964853], [6.0196676, 49.7964689], [6.0196048, 49.7964395], [6.0193211, 49.7963588], [6.0191845, 49.7963151], [6.0190834, 49.7962879], [6.0189872, 49.796267], [6.0188422, 49.7962419], [6.018741, 49.79622], [6.018687, 49.7962127], [6.0186111, 49.7962074], [6.0185453, 49.7961948], [6.018445, 49.7961636], [6.0183978, 49.79615], [6.0183438, 49.7961406], [6.0182831, 49.7961311], [6.0182325, 49.7961134], [6.0181685, 49.7960926], [6.0180993, 49.7960821], [6.0180251, 49.7960706], [6.0178986, 49.7960351], [6.0178514, 49.7960268], [6.0177721, 49.7960152], [6.0176676, 49.795986], [6.017585, 49.7959672], [6.0175031, 49.7959567], [6.0173884, 49.795942], [6.0172788, 49.7959253], [6.0171102, 49.7958846], [6.0169787, 49.7958512], [6.0167661, 49.7958177], [6.0166851, 49.7958061], [6.0165443, 49.7957987], [6.0164178, 49.7957778], [6.0163149, 49.7957589], [6.0162525, 49.795735], [6.0161531, 49.7956829], [6.0160958, 49.79566], [6.0159862, 49.7956329], [6.0159154, 49.7955975], [6.0158851, 49.795586], [6.015789, 49.7955651], [6.0156777, 49.7955318], [6.0156305, 49.7955255], [6.0155006, 49.7955118], [6.015423, 49.7954972], [6.0153421, 49.7954773], [6.0152234, 49.7954399], [6.0152571, 49.7953303], [6.0152663, 49.7953007], [6.0153423, 49.7950535], [6.0153577, 49.7949928], [6.0154474, 49.7946383], [6.0155418, 49.7941337], [6.0155477, 49.794084], [6.0155877, 49.7937444], [6.0155898, 49.793624], [6.0155357, 49.7933653], [6.0154666, 49.7930787], [6.0153354, 49.7926631], [6.0152321, 49.7924799], [6.0151506, 49.7923505], [6.0150499, 49.7922017], [6.014862, 49.7919238], [6.0148082, 49.7918442], [6.0146877, 49.7916692], [6.0146647, 49.7916358], [6.0145321, 49.7914368], [6.0145337, 49.7913035], [6.0145352, 49.7911416], [6.014537, 49.7909512], [6.0139927, 49.7907536], [6.013237, 49.7904714], [6.0126066, 49.7902405], [6.0128861, 49.7899174], [6.0130263, 49.7897544], [6.013137, 49.7896273], [6.0133036, 49.78942], [6.0134421, 49.7891563], [6.0135015, 49.7889966], [6.013539, 49.7888674], [6.0135745, 49.7886957], [6.0135817, 49.78851], [6.0135811, 49.788335], [6.0135762, 49.7881586], [6.0135648, 49.7879823], [6.0134087, 49.7879823], [6.0132819, 49.7879824], [6.0132601, 49.787981], [6.0132657, 49.7879167], [6.0132616, 49.7878292], [6.0132564, 49.7877662], [6.0132489, 49.7877251], [6.0131988, 49.7876813], [6.0131541, 49.7876547], [6.0131247, 49.7876228], [6.0131161, 49.7875976], [6.0131227, 49.7875751], [6.0131381, 49.7875287], [6.0131513, 49.7875035], [6.0131558, 49.787475], [6.0131581, 49.7874452], [6.013155, 49.7873815], [6.0131518, 49.787361], [6.0131595, 49.7873331], [6.0131705, 49.7873093], [6.013199, 49.7872689], [6.0132812, 49.7871622], [6.0132977, 49.7871497], [6.0133086, 49.7871424], [6.0133348, 49.7871311], [6.0133764, 49.7871093], [6.0134037, 49.7870921], [6.0134333, 49.7870789], [6.0134606, 49.7870756], [6.0134835, 49.7870756], [6.0135173, 49.7870797], [6.0135381, 49.7870797], [6.0135632, 49.7870751], [6.0135862, 49.7870625], [6.0135972, 49.7870373], [6.0136027, 49.7870049], [6.0136028, 49.7869856], [6.0136096, 49.7869689], [6.0135944, 49.7869609], [6.0135337, 49.7869254], [6.0132606, 49.7869685], [6.0131423, 49.7869835], [6.0129675, 49.7869944], [6.0128326, 49.7869953], [6.0127378, 49.7869891], [6.0123043, 49.7869278], [6.0120547, 49.7869073], [6.0118217, 49.7868817], [6.0116835, 49.7868694], [6.0114788, 49.786858], [6.0111384, 49.7868373], [6.0110736, 49.7867948], [6.0109656, 49.786736], [6.0104809, 49.7868111], [6.0103694, 49.7867918], [6.0102763, 49.7867805], [6.0100782, 49.7867752], [6.0098759, 49.78678], [6.0096361, 49.7868049], [6.0092788, 49.7868499], [6.0091372, 49.786877], [6.0089523, 49.7869243], [6.0087107, 49.7869947], [6.0085857, 49.7870279], [6.0084425, 49.787048], [6.0081543, 49.787091], [6.0081044, 49.7871031], [6.0080257, 49.7871278], [6.008021, 49.7871293], [6.0079386, 49.7871633], [6.0077628, 49.7872527], [6.007731, 49.7872688], [6.0076769, 49.7872964], [6.0075626, 49.7873052], [6.0074452, 49.7873142], [6.0064433, 49.7873915], [6.0063949, 49.7873795], [6.006023, 49.7872877], [6.0059482, 49.7872692], [6.0056715, 49.7872009], [6.0056131, 49.7871865], [6.0053557, 49.7871229], [6.0052168, 49.7870886], [6.0039989, 49.7868099], [6.0031377, 49.7865988], [6.0025313, 49.7863635], [6.0021348, 49.7862125], [6.0014839, 49.7859647], [6.0014352, 49.7859441], [6.0015833, 49.785721], [6.0018236, 49.7854087], [6.0017887, 49.7853885], [6.0015194, 49.7852261], [6.0010673, 49.7849523], [6.0005705, 49.7846511], [6.0000327, 49.7843196], [5.9999394, 49.784262], [5.999784, 49.7841641], [5.9996117, 49.7840663], [5.9995197, 49.78402], [5.9992497, 49.7839008], [5.9989063, 49.7837489], [5.9988652, 49.7837314], [5.9985105, 49.7835727], [5.9990053, 49.7827109], [5.9985869, 49.7824471], [5.9982935, 49.7822579], [5.9980666, 49.7821134], [5.9979139, 49.7820162], [5.9977207, 49.7818931], [5.997692, 49.7818728], [5.9979677, 49.7817164], [5.9984403, 49.7814475], [5.9990666, 49.7810954], [5.999046, 49.7810817], [5.9987815, 49.7809511], [5.9985034, 49.7808139], [5.9982519, 49.7806898], [5.9983822, 49.78058], [5.9986347, 49.780367], [5.9992568, 49.7797869], [5.9992767, 49.7797683], [5.9992411, 49.7797529], [5.9991686, 49.7797215], [5.9990292, 49.7796658], [5.9990793, 49.7796129], [5.9991318, 49.7795574], [5.9991439, 49.7795446], [5.9994013, 49.7792689], [5.9995377, 49.7791262], [5.9997129, 49.7789422], [6.0001921, 49.7785419], [6.0002978, 49.7784229], [6.0003427, 49.7782999], [6.0003464, 49.778161], [6.0004081, 49.7779258], [6.00041, 49.7779189], [6.0006084, 49.7774411], [6.0007348, 49.7771634], [6.0008221, 49.7767029], [6.0003845, 49.7764244], [6.0000727, 49.776226], [5.9998056, 49.7759851], [5.9996132, 49.7758115], [5.9995467, 49.7757537], [5.999286, 49.7755269], [5.9988699, 49.7751621], [5.9987421, 49.77505], [5.998962, 49.7750639], [5.9992096, 49.7750796], [5.9999517, 49.7751266], [5.9999727, 49.7748634], [5.9999768, 49.774812], [6.0000028, 49.7744872], [6.0000062, 49.7744439], [6.0015826, 49.7744659], [6.001586, 49.7744373], [6.001651, 49.7744324], [6.0016187, 49.7743522], [6.0015795, 49.7742552], [6.0014929, 49.7740406], [6.0014707, 49.7739857], [6.0013896, 49.7737847], [6.0020615, 49.7736661], [6.0023902, 49.7735925], [6.0027923, 49.7734765], [6.0030876, 49.7733845], [6.0029461, 49.773204], [6.0028269, 49.7730652], [6.002775, 49.7730498], [6.0027501, 49.7730224], [6.0026682, 49.7730308], [6.0025773, 49.7730222], [6.0025004, 49.7730039], [6.0023847, 49.7729582], [6.0022451, 49.772873], [6.0020655, 49.7728121], [6.0018439, 49.7727672], [6.0015843, 49.7727371], [6.0013066, 49.7727087], [6.0010312, 49.7726188], [6.0007838, 49.7725317], [6.000677, 49.7724985], [6.00062, 49.7724934], [6.0004754, 49.7724901], [6.0003108, 49.772505], [6.0001911, 49.7724988], [6.0000117, 49.772447], [5.9998474, 49.7723468], [5.9997929, 49.7722407], [5.9997683, 49.7721316], [5.9997237, 49.7720497], [5.999669, 49.7720042], [5.9994997, 49.7719191], [5.9993403, 49.7718613], [5.9992207, 49.7718278], [5.9991859, 49.7717974], [5.9991363, 49.7717186], [5.9990616, 49.77167], [5.9988972, 49.7716273], [5.9987576, 49.771612], [5.9986178, 49.771636], [5.998493, 49.7716873], [5.9982131, 49.7718293], [5.9981083, 49.7718595], [5.9980136, 49.7718351], [5.997919, 49.7717926], [5.9978344, 49.7717288], [5.9976631, 49.7715043], [5.9975342, 49.771286], [5.99748, 49.7711011], [5.9974605, 49.7709526], [5.9974464, 49.7707162], [5.9974217, 49.7706344], [5.9972874, 49.7705281], [5.9971109, 49.7703733], [5.9969665, 49.7702944], [5.996827, 49.7702669], [5.9966624, 49.7702575], [5.9964479, 49.7702754], [5.9960155, 49.7703179], [5.9960834, 49.7702478], [5.9970042, 49.7692996], [5.9971533, 49.7691461], [5.9971756, 49.7691262], [5.9969143, 49.7689271], [5.9968555, 49.7688865], [5.9968804, 49.7688682], [5.997045, 49.7687392], [5.9970737, 49.7687167], [5.9972133, 49.7686074], [5.997314, 49.7685285], [5.9972219, 49.7684873], [5.9970388, 49.7684056], [5.9969248, 49.7683387], [5.9968734, 49.7682973], [5.9968548, 49.7682726], [5.9968351, 49.7682339], [5.9968331, 49.7681952], [5.9968854, 49.7680087], [5.9969065, 49.7679387], [5.996983, 49.7677156], [5.9971075, 49.7672921], [5.9971722, 49.767009], [5.9973128, 49.7663914], [5.9973685, 49.7661576], [5.9974396, 49.7659138], [5.997451, 49.7658753], [5.997513, 49.7656648], [5.9975618, 49.765525], [5.9976504, 49.765318], [5.9977256, 49.7651523], [5.9978794, 49.7648383], [5.9979236, 49.7647546], [5.9980131, 49.7645933], [5.9981143, 49.7644358], [5.9982877, 49.7644147], [5.9985013, 49.7643903], [5.9986126, 49.764379], [5.9986378, 49.7643324], [5.9986781, 49.7642437], [5.9990854, 49.7633473], [5.9991072, 49.7632993], [5.9993403, 49.7628343], [5.9994475, 49.7626205], [5.9998133, 49.7618907], [5.9993062, 49.761784], [5.9992269, 49.7617646], [5.9986596, 49.7616124], [5.9980888, 49.761448], [5.9979924, 49.7614189], [5.997384, 49.7612418], [5.9968972, 49.7611007], [5.9965033, 49.7609842], [5.9959987, 49.7608054], [5.9957937, 49.7607145], [5.9954581, 49.7605409], [5.9955381, 49.7604554], [5.9957313, 49.760249], [5.9958623, 49.7601091], [5.9960886, 49.7598673], [5.9961645, 49.7598413], [5.9961099, 49.7598038], [5.9954627, 49.7594077], [5.9943939, 49.7587308], [5.9936495, 49.7582378], [5.9935911, 49.7581849], [5.9935771, 49.7581254], [5.9935849, 49.7579157], [5.9935517, 49.7577406], [5.9934811, 49.7576134], [5.9933325, 49.7573635], [5.9931733, 49.757113], [5.9930795, 49.7569702], [5.9929802, 49.7568776], [5.9928294, 49.7567725], [5.9925204, 49.7566197], [5.9919681, 49.7563502], [5.9914727, 49.7560976], [5.9911248, 49.755903], [5.990826, 49.7557308], [5.9905902, 49.7555823], [5.9902231, 49.7552976], [5.9898088, 49.754978], [5.9897434, 49.7549483], [5.9895892, 49.7549166], [5.9892052, 49.7548462], [5.988776, 49.7547725], [5.9884269, 49.7547207], [5.9880762, 49.7546865], [5.987965, 49.7546276], [5.9879545, 49.7543505], [5.9889526, 49.7541581], [5.9890402, 49.7541412], [5.9896857, 49.7540169], [5.9892317, 49.7536002], [5.9891325, 49.7534791], [5.9890879, 49.7534103], [5.9890634, 49.7533633], [5.9890523, 49.7533319], [5.9890201, 49.7532369], [5.9889937, 49.7531163], [5.9889756, 49.7529887], [5.98897, 49.7528844], [5.9890063, 49.7526712], [5.9890297, 49.7524849], [5.9883312, 49.7522033], [5.9884083, 49.7521509], [5.9887744, 49.7519023], [5.9889555, 49.7517794], [5.9891146, 49.7513224], [5.9892903, 49.7508177], [5.9894657, 49.7503093], [5.9889812, 49.7502551], [5.9890303, 49.7501682], [5.9890739, 49.750081], [5.9890809, 49.7500669], [5.9891555, 49.7499501], [5.9892225, 49.7498343], [5.9891202, 49.7498103], [5.9884471, 49.7496522], [5.9877442, 49.7494625], [5.987695, 49.7494492], [5.987668, 49.7494404], [5.9874552, 49.7493707], [5.9870635, 49.7492297], [5.9870474, 49.7492239], [5.9868394, 49.7491201], [5.9864941, 49.748934], [5.9859216, 49.748591]]]}}, {"type": "Feature", "properties": {"name": "Gemeinde Mersch", "boundaryType": "gemeinde", "source": "OpenStreetMap/Nominatim", "osmType": "relation", "osmId": 1333112}, "geometry": {"type": "Polygon", "coordinates": [[[6.037318, 49.743317], [6.0376208, 49.7428344], [6.0378052, 49.7427735], [6.03786, 49.7427396], [6.0379214, 49.7426959], [6.0379333, 49.7426654], [6.0379405, 49.7426233], [6.0379352, 49.7425867], [6.0379442, 49.7425522], [6.0379478, 49.7425285], [6.0379532, 49.7424908], [6.0379338, 49.7424617], [6.0379339, 49.7424229], [6.0379553, 49.7423949], [6.0379872, 49.7423734], [6.0380156, 49.7423594], [6.0380281, 49.7423378], [6.0380512, 49.7423152], [6.0380637, 49.742298], [6.0380531, 49.7422635], [6.0380958, 49.7422269], [6.0381154, 49.7421831], [6.0381349, 49.7421691], [6.0381633, 49.7421594], [6.0381829, 49.7421487], [6.038167, 49.7421314], [6.0381458, 49.7421055], [6.038144, 49.7420894], [6.0381512, 49.7420732], [6.0381707, 49.7420581], [6.0381991, 49.7420463], [6.0382311, 49.7420302], [6.0382488, 49.7420108], [6.0382648, 49.7419968], [6.0382986, 49.7419861], [6.0383429, 49.741984], [6.0383766, 49.7419732], [6.0384263, 49.741942], [6.038437, 49.7419162], [6.038469, 49.7418957], [6.0384972, 49.741892], [6.0385327, 49.7418715], [6.0385257, 49.7418424], [6.0384885, 49.7418208], [6.0384549, 49.7417895], [6.0384586, 49.7417583], [6.0384799, 49.741727], [6.0384658, 49.7416915], [6.0384376, 49.7416526], [6.0384429, 49.7416257], [6.0384714, 49.741602], [6.0385034, 49.7415729], [6.0385265, 49.7415503], [6.0385673, 49.7415428], [6.0386081, 49.7415332], [6.0386507, 49.7415063], [6.0386934, 49.7414783], [6.0387555, 49.7414272], [6.0387486, 49.7413851], [6.0387238, 49.7413431], [6.0386902, 49.7413086], [6.0386708, 49.7412891], [6.0386708, 49.7412708], [6.0386922, 49.7412568], [6.0387259, 49.7412547], [6.0387365, 49.7412461], [6.0387383, 49.7412245], [6.0387242, 49.7411965], [6.038726, 49.7411825], [6.038758, 49.7411696], [6.0387793, 49.7411599], [6.0388095, 49.7411406], [6.0388344, 49.7411233], [6.0388592, 49.7411169], [6.0388823, 49.7410824], [6.0389179, 49.7410631], [6.03898, 49.7410184], [6.038989, 49.7409883], [6.0389979, 49.7409646], [6.0390352, 49.7409495], [6.0390795, 49.7409409], [6.039131, 49.740927], [6.0391807, 49.7409109], [6.0391914, 49.7408915], [6.0391738, 49.740843], [6.039188, 49.74083], [6.0392252, 49.7408279], [6.0392483, 49.7408247], [6.0392643, 49.7408043], [6.0392519, 49.7407773], [6.0392325, 49.7407557], [6.0392343, 49.7407417], [6.0392804, 49.7407331], [6.0393159, 49.7407202], [6.039355, 49.7407106], [6.0393904, 49.7407052], [6.0394454, 49.7406859], [6.0395449, 49.7406197], [6.0395361, 49.7405938], [6.0395185, 49.7405367], [6.0394991, 49.7405033], [6.0394637, 49.7404709], [6.0394, 49.7404288], [6.0393824, 49.7403889], [6.0393683, 49.7403598], [6.03934, 49.740335], [6.0393046, 49.7403166], [6.0392745, 49.7402939], [6.0392674, 49.7402713], [6.0392887, 49.7402584], [6.0393225, 49.7402477], [6.0393403, 49.7402213], [6.0393722, 49.7402159], [6.0393846, 49.7402041], [6.0393829, 49.7401911], [6.0393634, 49.7401728], [6.0393564, 49.7401534], [6.0393671, 49.7401437], [6.0393883, 49.7401405], [6.0394078, 49.7401481], [6.0394273, 49.7401696], [6.0394503, 49.7401761], [6.0394928, 49.7401848], [6.0395212, 49.7402042], [6.0395477, 49.7402269], [6.0395672, 49.7402431], [6.0395937, 49.7402485], [6.0396079, 49.740241], [6.0396151, 49.7402237], [6.0396116, 49.7401935], [6.039594, 49.7401504], [6.039587, 49.7401213], [6.0395675, 49.7401083], [6.0395409, 49.7400997], [6.0394842, 49.7400953], [6.0394417, 49.7400856], [6.0394222, 49.7400759], [6.0394081, 49.7400521], [6.0394011, 49.7400133], [6.0394118, 49.739995], [6.0394349, 49.7399832], [6.039465, 49.7399811], [6.03955, 49.7400059], [6.0395801, 49.7400286], [6.0396191, 49.7400588], [6.0396509, 49.7400912], [6.0396863, 49.7401085], [6.0397164, 49.7401085], [6.0397289, 49.7400924], [6.0397591, 49.7400719], [6.0397981, 49.7400547], [6.0398248, 49.7400407], [6.0398603, 49.7400257], [6.0399117, 49.7400182], [6.0399242, 49.7400074], [6.039926, 49.7399966], [6.0399243, 49.7399751], [6.0399154, 49.7399643], [6.0398959, 49.73996], [6.039864, 49.739961], [6.0398374, 49.7399653], [6.0398161, 49.739961], [6.0398038, 49.7399459], [6.0397932, 49.7399264], [6.0397879, 49.7399081], [6.0397791, 49.7398866], [6.0397561, 49.739865], [6.0397207, 49.7398585], [6.039671, 49.7398724], [6.0396035, 49.7398982], [6.0395734, 49.7399003], [6.0395397, 49.7398841], [6.0395256, 49.739855], [6.0395327, 49.7398383], [6.0395719, 49.7397899], [6.0396008, 49.7397683], [6.0396275, 49.7397532], [6.0396523, 49.739735], [6.039663, 49.7397113], [6.0396666, 49.7396854], [6.039672, 49.7396725], [6.0396969, 49.7396466], [6.0397076, 49.7396272], [6.0397166, 49.7395831], [6.0397238, 49.7395421], [6.0397344, 49.739526], [6.0397504, 49.7395184], [6.0397894, 49.7395152], [6.0398107, 49.7395045], [6.0398196, 49.7394883], [6.0398091, 49.73947], [6.0397914, 49.7394484], [6.0397755, 49.7394182], [6.0397773, 49.7393977], [6.0397969, 49.7393827], [6.0398306, 49.7393719], [6.0398537, 49.7393666], [6.0398803, 49.7393515], [6.0399122, 49.7393505], [6.0399211, 49.7393429], [6.03993, 49.7393252], [6.0399159, 49.7393068], [6.0398946, 49.7392885], [6.0398911, 49.7392712], [6.0398894, 49.7392551], [6.0398699, 49.7392486], [6.0398451, 49.7392496], [6.0398167, 49.7392539], [6.0397866, 49.7392431], [6.0397742, 49.7392355], [6.0397742, 49.7392172], [6.0397885, 49.7391989], [6.0398027, 49.7391828], [6.0398276, 49.7391612], [6.0398666, 49.7391483], [6.0399145, 49.7391419], [6.0399358, 49.7391473], [6.0399535, 49.7391592], [6.0399517, 49.7391743], [6.039964, 49.7391959], [6.0399853, 49.7392034], [6.0400172, 49.7391959], [6.040058, 49.7391873], [6.0400828, 49.7391841], [6.0401006, 49.7391766], [6.0401059, 49.7391658], [6.0400918, 49.7391518], [6.0400705, 49.7391399], [6.0400564, 49.7391227], [6.0400511, 49.7391108], [6.0400512, 49.7390968], [6.0400654, 49.739085], [6.0400938, 49.7390634], [6.0401203, 49.7390506], [6.0401421, 49.7390443], [6.0401628, 49.7390431], [6.0401836, 49.7390437], [6.0402106, 49.7390469], [6.0402407, 49.7390432], [6.0402656, 49.7390325], [6.0402812, 49.7390274], [6.0402968, 49.7390243], [6.0403144, 49.7390136], [6.0403259, 49.7389978], [6.040327, 49.7389821], [6.0403187, 49.738965], [6.0403021, 49.738953], [6.0402855, 49.7389517], [6.0402513, 49.7389511], [6.0402337, 49.7389498], [6.0402243, 49.7389435], [6.040215, 49.7389334], [6.0401984, 49.7389314], [6.0401694, 49.7389371], [6.0401517, 49.7389358], [6.0401331, 49.7389225], [6.0401279, 49.738903], [6.0401446, 49.738874], [6.0401727, 49.7388608], [6.0401997, 49.7388526], [6.0402194, 49.7388438], [6.0402319, 49.7388318], [6.0402236, 49.7388129], [6.0401854, 49.7387643], [6.0401697, 49.7387493], [6.040163, 49.7387364], [6.0401651, 49.7387256], [6.0401739, 49.7387121], [6.040203, 49.7386994], [6.0402316, 49.7386956], [6.0402757, 49.7386963], [6.0403083, 49.7386995], [6.0403338, 49.7386973], [6.0403494, 49.7386926], [6.0403717, 49.7386734], [6.040379, 49.7386573], [6.0403723, 49.7386396], [6.040362, 49.7386229], [6.0403382, 49.738609], [6.0403039, 49.7385988], [6.0402676, 49.7385919], [6.0402376, 49.7385784], [6.0402381, 49.7385667], [6.040249, 49.7385595], [6.0402724, 49.7385523], [6.0402953, 49.7385479], [6.0403202, 49.7385426], [6.0403347, 49.7385341], [6.0403446, 49.7385196], [6.040341, 49.7385022], [6.0403348, 49.7384874], [6.0403168, 49.7384471], [6.0403142, 49.7384304], [6.0403164, 49.7384124], [6.0403242, 49.7383957], [6.0403377, 49.7383796], [6.0403585, 49.7383648], [6.0403928, 49.738342], [6.0404084, 49.7383291], [6.0404199, 49.7383105], [6.0404199, 49.7382935], [6.0404106, 49.7382811], [6.0403956, 49.7382707], [6.0403635, 49.7382609], [6.0403433, 49.7382432], [6.0403459, 49.7382248], [6.0403517, 49.7381999], [6.0403544, 49.7381699], [6.0403565, 49.7381286], [6.0403478, 49.7381007], [6.0403193, 49.7380751], [6.0403178, 49.7380587], [6.0403168, 49.7380378], [6.0403226, 49.738017], [6.0403092, 49.7379771], [6.0403103, 49.7379569], [6.0403228, 49.7379254], [6.0403198, 49.7379065], [6.0403079, 49.7378825], [6.0403022, 49.7378644], [6.0403038, 49.7378479], [6.0403075, 49.737835], [6.0403205, 49.7378253], [6.0403392, 49.7378199], [6.040361, 49.7378155], [6.0403719, 49.737808], [6.0403745, 49.7377972], [6.0403725, 49.7377881], [6.040358, 49.737777], [6.0403243, 49.7377672], [6.0403041, 49.7377585], [6.0402911, 49.7377487], [6.0402917, 49.7377377], [6.0402958, 49.7377254], [6.0403104, 49.737709], [6.0403442, 49.7376901], [6.0403686, 49.7376737], [6.0403749, 49.7376646], [6.0403754, 49.7376564], [6.0403713, 49.7376476], [6.0403537, 49.7376398], [6.0403355, 49.7376275], [6.0403247, 49.7376161], [6.0403252, 49.7376064], [6.0403341, 49.737596], [6.0403517, 49.7375862], [6.0403782, 49.7375743], [6.0403959, 49.7375648], [6.0404068, 49.7375522], [6.040411, 49.7375364], [6.0404064, 49.7375009], [6.0404106, 49.7374833], [6.0404247, 49.737464], [6.0404523, 49.7374366], [6.0404606, 49.737424], [6.0404653, 49.737406], [6.0404685, 49.7373734], [6.0404743, 49.7373526], [6.040492, 49.7373331], [6.0405133, 49.7373167], [6.0405419, 49.7372968], [6.0405731, 49.7372699], [6.0405768, 49.7372507], [6.0405753, 49.7372314], [6.0405629, 49.7372103], [6.0405432, 49.7371841], [6.0405406, 49.7371724], [6.0405609, 49.7371486], [6.0405942, 49.7371401], [6.040617, 49.737136], [6.0406492, 49.7371367], [6.0406658, 49.7371342], [6.040685, 49.7371207], [6.040696, 49.737104], [6.0407059, 49.7370724], [6.0407143, 49.7370393], [6.0407352, 49.7369897], [6.0407665, 49.73692], [6.0407915, 49.7368886], [6.0408185, 49.7368641], [6.0408674, 49.7368405], [6.0409473, 49.7368216], [6.0409687, 49.736794], [6.040964, 49.7367811], [6.0409454, 49.7367666], [6.0409247, 49.7367498], [6.0409164, 49.7367325], [6.040917, 49.7367199], [6.0409191, 49.7366997], [6.0409114, 49.7366774], [6.0408927, 49.7366648], [6.0408316, 49.7366414], [6.0408015, 49.7366256], [6.0407855, 49.7366095], [6.0407787, 49.7365965], [6.0407783, 49.7365808], [6.0407871, 49.7365637], [6.0408194, 49.7365254], [6.0409349, 49.7364052], [6.0409484, 49.7363879], [6.0409542, 49.7363743], [6.040949, 49.7363614], [6.0409376, 49.7363478], [6.0409309, 49.7363327], [6.0409382, 49.736321], [6.040957, 49.7362953], [6.0409664, 49.7362742], [6.0409685, 49.7362521], [6.0409696, 49.7362259], [6.040979, 49.7362111], [6.0409993, 49.7361971], [6.041019, 49.7361962], [6.0410366, 49.7362025], [6.0410558, 49.7362161], [6.0410863, 49.7362505], [6.0411158, 49.7362732], [6.0411464, 49.7362906], [6.0411671, 49.7362966], [6.0411952, 49.7362938], [6.0412274, 49.7362825], [6.0412678, 49.7362769], [6.0412845, 49.7362712], [6.0412928, 49.7362599], [6.0412928, 49.7362507], [6.0412768, 49.736231], [6.041253, 49.7362019], [6.0412515, 49.7361855], [6.0412608, 49.7361748], [6.0412738, 49.736167], [6.0412925, 49.7361638], [6.0413501, 49.7361677], [6.0414134, 49.7361706], [6.041458, 49.7361672], [6.0414799, 49.7361587], [6.0414918, 49.7361454], [6.0414945, 49.7361293], [6.0414852, 49.7361121], [6.041467, 49.7360941], [6.041409, 49.7360543], [6.0413868, 49.736036], [6.0413744, 49.7360158], [6.0413651, 49.7359868], [6.04136, 49.7359421], [6.0413622, 49.7359062], [6.0413778, 49.7358867], [6.0414012, 49.7358778], [6.0414386, 49.7358788], [6.0414749, 49.7358852], [6.0415096, 49.735886], [6.04152, 49.7358822], [6.0415237, 49.735874], [6.0415149, 49.7358658], [6.0415045, 49.7358601], [6.0414796, 49.7358481], [6.0414558, 49.7358336], [6.0414501, 49.7358219], [6.0414527, 49.7358099], [6.0414709, 49.7357986], [6.0414855, 49.7357901], [6.0415125, 49.7357772], [6.0415302, 49.735755], [6.0415292, 49.7357389], [6.0415241, 49.7357209], [6.041509, 49.735707], [6.0414904, 49.7357019], [6.041453, 49.735699], [6.041425, 49.7356965], [6.0414121, 49.7356921], [6.0413898, 49.7356838], [6.0413576, 49.7356668], [6.041338, 49.735656], [6.0413079, 49.7356486], [6.0412793, 49.7356463], [6.041257, 49.735652], [6.0412347, 49.7356646], [6.0412071, 49.7356829], [6.0411729, 49.7356891], [6.0411334, 49.735684], [6.0410982, 49.735672], [6.0410572, 49.7356534], [6.0410282, 49.7356363], [6.0410153, 49.7356243], [6.0410117, 49.735611], [6.041018, 49.7355935], [6.0410294, 49.7355775], [6.0410523, 49.7355674], [6.0410725, 49.735562], [6.0410933, 49.7355614], [6.0411384, 49.7355659], [6.0411711, 49.7355707], [6.0412022, 49.7355726], [6.0412245, 49.7355698], [6.04125, 49.7355622], [6.0412728, 49.7355531], [6.0412848, 49.7355399], [6.0412885, 49.7355251], [6.041287, 49.7355131], [6.0412797, 49.7355039], [6.0412662, 49.7354963], [6.0412528, 49.7354916], [6.0412356, 49.7354909], [6.0412149, 49.7354909], [6.0411978, 49.7354865], [6.0411838, 49.73548], [6.0411729, 49.7354674], [6.0411787, 49.735451], [6.0411995, 49.735428], [6.0412333, 49.7353968], [6.0412469, 49.735355], [6.041247, 49.7353266], [6.0412465, 49.7353007], [6.0412352, 49.7352701], [6.0412363, 49.7352425], [6.0412519, 49.7352088], [6.0413071, 49.7351622], [6.0413804, 49.735111], [6.0414381, 49.7350764], [6.0414703, 49.7350398], [6.0415208, 49.7349899], [6.0415561, 49.734971], [6.0415852, 49.7349622], [6.0416251, 49.7349597], [6.0416599, 49.7349623], [6.04169, 49.7349677], [6.0417398, 49.7349728], [6.041759, 49.7349677], [6.0417699, 49.7349564], [6.0417725, 49.7349416], [6.0417664, 49.7349119], [6.041769, 49.7348971], [6.0417748, 49.7348742], [6.0417899, 49.7348566], [6.0417883, 49.7348436], [6.0417702, 49.7348326], [6.041751, 49.7348212], [6.0417407, 49.7348083], [6.0417423, 49.7347972], [6.0417553, 49.7347878], [6.0417974, 49.7347678], [6.0417933, 49.7347492], [6.041771, 49.7347356], [6.0417233, 49.7347185], [6.0416798, 49.7346954], [6.0416497, 49.7346711], [6.0416399, 49.7346478], [6.0416456, 49.7346286], [6.0416664, 49.7346179], [6.0416892, 49.734611], [6.0417162, 49.7346073], [6.0417495, 49.7345999], [6.041765, 49.7345966], [6.0417962, 49.7345802], [6.0418513, 49.7345456], [6.04187, 49.7345361], [6.0418897, 49.7345311], [6.0419115, 49.7345286], [6.0419291, 49.7345318], [6.0419478, 49.7345369], [6.0419696, 49.7345445], [6.0420048, 49.7345621], [6.0420317, 49.7345754], [6.0420431, 49.7345811], [6.0420525, 49.7345799], [6.0420629, 49.7345717], [6.0420703, 49.7345564], [6.0420712, 49.7345444], [6.0420712, 49.7345324], [6.042064, 49.7345053], [6.0420196, 49.7344198], [6.0420144, 49.7343861], [6.0420139, 49.734354], [6.0420322, 49.7343303], [6.0420508, 49.7343212], [6.0420893, 49.734313], [6.0421204, 49.7343124], [6.0421635, 49.7343144], [6.0422044, 49.7343151], [6.0422377, 49.7343164], [6.042274, 49.7343126], [6.0422906, 49.7342988], [6.0422969, 49.7342798], [6.0423015, 49.734251], [6.0423114, 49.7342368], [6.0423244, 49.7342252], [6.0423389, 49.7342107], [6.0423437, 49.7341968], [6.0423419, 49.7341776], [6.042337, 49.7341741], [6.0423271, 49.7341678], [6.0423085, 49.7341624], [6.0422722, 49.7341573], [6.0422094, 49.7341484], [6.0421905, 49.7341414], [6.0421698, 49.7341282], [6.0421585, 49.7341181], [6.0421571, 49.7341037], [6.0421613, 49.734093], [6.0421706, 49.7340851], [6.0421847, 49.7340722], [6.0422232, 49.7340467], [6.0422767, 49.7340187], [6.0423468, 49.7339882], [6.0423966, 49.7339693], [6.0424361, 49.7339507], [6.0424486, 49.7339337], [6.0424453, 49.73392], [6.0424412, 49.7339105], [6.0424184, 49.733884], [6.0423542, 49.7338183], [6.0423241, 49.7337736], [6.0423262, 49.7337622], [6.0423345, 49.7337522], [6.0423491, 49.7337433], [6.0423823, 49.7337333], [6.0424332, 49.7337264], [6.0424675, 49.733722], [6.0424893, 49.7337208], [6.0425111, 49.7337139], [6.0425277, 49.7337025], [6.0425391, 49.7336912], [6.0425485, 49.7336773], [6.0425621, 49.7336477], [6.0425715, 49.7336338], [6.0425881, 49.7336199], [6.0426151, 49.7336029], [6.0426411, 49.7335904], [6.0426671, 49.7335809], [6.0426868, 49.7335671], [6.042701, 49.7335504], [6.0427004, 49.7335324], [6.0426892, 49.7335174], [6.0426736, 49.733502], [6.0426591, 49.73349], [6.0426529, 49.7334817], [6.0426467, 49.7334729], [6.0426364, 49.7334552], [6.0426292, 49.7334407], [6.0426188, 49.7334357], [6.0426032, 49.7334319], [6.0425813, 49.7334317], [6.0425554, 49.7334209], [6.0425525, 49.7334044], [6.0425515, 49.7333804], [6.0425578, 49.7333584], [6.0425714, 49.7333319], [6.042587, 49.7333073], [6.0426193, 49.7332692], [6.042637, 49.7332351], [6.0426651, 49.7331986], [6.0426901, 49.7331772], [6.0427316, 49.7331551], [6.0427992, 49.733123], [6.0428542, 49.7330985], [6.0428793, 49.7330936], [6.0428954, 49.7330936], [6.0429218, 49.7331043], [6.0429524, 49.7331328], [6.0429787, 49.7331596], [6.0429992, 49.7331694], [6.0430314, 49.7331721], [6.043049, 49.7331623], [6.0430622, 49.7331445], [6.0430711, 49.7331125], [6.0430755, 49.7331045], [6.0430901, 49.7331009], [6.0431136, 49.7330947], [6.0431224, 49.7330849], [6.0431385, 49.7330681], [6.0431577, 49.7330075], [6.043171, 49.7329791], [6.0431827, 49.7329657], [6.0433433, 49.7328725], [6.0433682, 49.7328547], [6.0433726, 49.7328351], [6.0433668, 49.7328218], [6.043342, 49.7328004], [6.0433113, 49.7327763], [6.0432967, 49.732754], [6.0433085, 49.7327336], [6.0433407, 49.7327229], [6.0433641, 49.7327212], [6.0433861, 49.7327212], [6.0434183, 49.7327239], [6.0434476, 49.7327159], [6.0434652, 49.7326999], [6.0434873, 49.7326697], [6.0434946, 49.7326617], [6.0435239, 49.7326519], [6.043562, 49.7326511], [6.0436103, 49.7326476], [6.0436498, 49.7326396], [6.0436865, 49.7326165], [6.0437188, 49.7325863], [6.0437423, 49.732572], [6.0437716, 49.7325676], [6.043792, 49.7325712], [6.0438169, 49.7325899], [6.043852, 49.7326104], [6.043928, 49.7326488], [6.0439602, 49.7326657], [6.0440026, 49.7326773], [6.0440348, 49.732672], [6.0440781, 49.7326489], [6.0441001, 49.7326241], [6.0441075, 49.7326045], [6.04409, 49.73256], [6.0440798, 49.7325243], [6.044077, 49.7325021], [6.0440873, 49.7324772], [6.0441078, 49.7324523], [6.0441328, 49.7324345], [6.0442134, 49.7324079], [6.0442441, 49.7323919], [6.0442618, 49.7323705], [6.044275, 49.7323403], [6.0442802, 49.73231], [6.0442847, 49.7322727], [6.0442789, 49.7322504], [6.0442585, 49.7322237], [6.0442249, 49.7321943], [6.0441942, 49.7321631], [6.044165, 49.7321328], [6.0441519, 49.7321043], [6.044152, 49.7320785], [6.0441799, 49.7320474], [6.0442239, 49.7320243], [6.0442619, 49.7320127], [6.0442898, 49.7320119], [6.044341, 49.7320208], [6.0443776, 49.7320271], [6.0444098, 49.7320245], [6.0444391, 49.7320183], [6.0444523, 49.7320103], [6.0444596, 49.7319943], [6.0444524, 49.731956], [6.0444481, 49.7319195], [6.044454, 49.7318972], [6.0444805, 49.7318608], [6.0444893, 49.7318359], [6.0445099, 49.7318065], [6.0445208, 49.731802], [6.0445252, 49.7317994], [6.0445384, 49.7317958], [6.044556, 49.731794], [6.0445897, 49.7317896], [6.0446029, 49.7317799], [6.0446044, 49.7317692], [6.0445971, 49.7317585], [6.0445649, 49.7317291], [6.0445606, 49.7317122], [6.0445577, 49.7316979], [6.044568, 49.7316828], [6.0445914, 49.7316739], [6.0446207, 49.7316633], [6.044653, 49.7316606], [6.0447906, 49.7316643], [6.0449048, 49.7316627], [6.0449575, 49.7316556], [6.0449765, 49.7316458], [6.045003, 49.7316218], [6.0450206, 49.7315925], [6.0450361, 49.7315293], [6.045045, 49.731508], [6.0451037, 49.7314297], [6.0451287, 49.731403], [6.0451273, 49.7313843], [6.0451229, 49.7313701], [6.0451098, 49.7313612], [6.0450849, 49.7313629], [6.0450482, 49.7313709], [6.0450072, 49.7313833], [6.0449897, 49.7313815], [6.0449707, 49.7313655], [6.0449693, 49.7313388], [6.0449737, 49.7313032], [6.0449796, 49.7312836], [6.0450002, 49.7312694], [6.0450368, 49.7312552], [6.0452456, 49.7312047], [6.0454067, 49.7311621], [6.0454683, 49.7311408], [6.0455225, 49.7311035], [6.045546, 49.7310919], [6.0455767, 49.7310822], [6.045609, 49.7310751], [6.0456295, 49.7310778], [6.045647, 49.7310849], [6.0456558, 49.7310974], [6.0456543, 49.7311134], [6.045641, 49.7311339], [6.0455882, 49.7311943], [6.0455691, 49.7312157], [6.0455486, 49.7312299], [6.0455368, 49.7312397], [6.0455339, 49.7312459], [6.0455368, 49.7312575], [6.0455426, 49.7312717], [6.0455733, 49.7313029], [6.0455923, 49.7313127], [6.0456128, 49.7313074], [6.0456347, 49.7313074], [6.0456582, 49.7313083], [6.045683, 49.7313075], [6.0456948, 49.7313021], [6.0457124, 49.7312888], [6.0457344, 49.7312568], [6.0457418, 49.7312506], [6.045752, 49.7312488], [6.0457667, 49.7312497], [6.0457857, 49.7312586], [6.0458105, 49.7312791], [6.0458339, 49.7312978], [6.0458734, 49.7313068], [6.0459056, 49.7313015], [6.0459276, 49.7312881], [6.0459452, 49.7312659], [6.0459791, 49.7311841], [6.046027, 49.7310693], [6.0460255, 49.7310551], [6.046011, 49.7310239], [6.0459979, 49.7309936], [6.0460067, 49.7309714], [6.0460112, 49.7309286], [6.0460202, 49.7308548], [6.0460305, 49.7308325], [6.0460804, 49.7307952], [6.0461742, 49.7307464], [6.046235, 49.7307144], [6.0463815, 49.7306611], [6.0464041, 49.7306531], [6.0464343, 49.7306425], [6.0464548, 49.7306291], [6.0464651, 49.7306122], [6.0464725, 49.7305864], [6.0464813, 49.730574], [6.0464945, 49.7305615], [6.0465136, 49.7305544], [6.0465399, 49.73055], [6.0465648, 49.730542], [6.0465912, 49.7305314], [6.0466117, 49.7305278], [6.0466322, 49.7305261], [6.0466732, 49.7305217], [6.0467069, 49.7305119], [6.0467362, 49.730495], [6.046767, 49.7304746], [6.0468249, 49.7304489], [6.0468894, 49.730432], [6.0469407, 49.7304125], [6.0470008, 49.7303867], [6.047055, 49.7303699], [6.0471209, 49.7303539], [6.0471575, 49.7303477], [6.0472029, 49.7303451], [6.0472292, 49.7303505], [6.0472921, 49.7303666], [6.0473243, 49.7303782], [6.0473521, 49.73038], [6.0473873, 49.7303764], [6.0474122, 49.7303676], [6.0474386, 49.7303516], [6.0474708, 49.7303418], [6.0474884, 49.7303436], [6.047503, 49.7303499], [6.0475249, 49.7303632], [6.0475425, 49.7303722], [6.0475644, 49.7303722], [6.0475908, 49.730366], [6.0476128, 49.7303518], [6.0476378, 49.7303233], [6.0476576, 49.7302833], [6.0476811, 49.7302584], [6.0477207, 49.7302264], [6.0477339, 49.7302121], [6.0477369, 49.7302024], [6.0477311, 49.7301783], [6.0477268, 49.730148], [6.0477283, 49.7301347], [6.0477342, 49.7301187], [6.0477459, 49.7301107], [6.0477605, 49.7301045], [6.0477752, 49.7301027], [6.0478162, 49.7301072], [6.0478557, 49.7301126], [6.0478923, 49.7301117], [6.047923, 49.7301055], [6.0479377, 49.7300966], [6.0479495, 49.7300806], [6.0479451, 49.7300708], [6.0479261, 49.7300486], [6.0478969, 49.7300147], [6.047894, 49.7300031], [6.0478999, 49.7299916], [6.0479146, 49.7299782], [6.0479344, 49.7299747], [6.0479666, 49.7299694], [6.0480032, 49.7299757], [6.0480192, 49.7299864], [6.0480251, 49.7300033], [6.0480206, 49.7300255], [6.0480132, 49.7300442], [6.0480132, 49.7300638], [6.0480205, 49.7300816], [6.0480439, 49.7301003], [6.0480687, 49.7301119], [6.0480936, 49.7301146], [6.048117, 49.7301084], [6.0481419, 49.7301004], [6.0481859, 49.7300764], [6.0482416, 49.7300462], [6.0483208, 49.7300107], [6.0483589, 49.7299912], [6.0483618, 49.7299876], [6.0483838, 49.729968], [6.0483971, 49.7299378], [6.0484045, 49.7298897], [6.0484178, 49.7298399], [6.0484354, 49.7298106], [6.0484516, 49.7297999], [6.0484779, 49.7297946], [6.0485087, 49.7297982], [6.0485438, 49.7298098], [6.0486695, 49.7298749], [6.0486973, 49.7298865], [6.0487222, 49.7298892], [6.0487456, 49.7298839], [6.0487764, 49.7298723], [6.0488043, 49.7298528], [6.0488395, 49.7298306], [6.0488922, 49.7298084], [6.0489157, 49.7297941], [6.048923, 49.7297781], [6.0489209, 49.7297639], [6.0489107, 49.729755], [6.048896, 49.7297434], [6.0488785, 49.7297318], [6.0488712, 49.7297184], [6.0488756, 49.7297042], [6.0488874, 49.7296908], [6.0489065, 49.7296722], [6.0489153, 49.7296535], [6.0489256, 49.7296304], [6.0489403, 49.7296143], [6.0489703, 49.7295904], [6.0490011, 49.7295806], [6.0490275, 49.7295762], [6.049045, 49.7295789], [6.0490772, 49.7295896], [6.0491065, 49.7295941], [6.0491416, 49.7295932], [6.0491826, 49.7295799], [6.049231, 49.7295621], [6.0493042, 49.7295435], [6.0493262, 49.7295293], [6.0493541, 49.7295089], [6.0493747, 49.7294653], [6.049385, 49.7294404], [6.0494114, 49.7294048], [6.0494305, 49.7293817], [6.049454, 49.7293692], [6.0494774, 49.7293666], [6.0496399, 49.7293801], [6.0496809, 49.7293783], [6.0497043, 49.7293721], [6.049716, 49.7293579], [6.049719, 49.7293401], [6.0497191, 49.7293223], [6.0497279, 49.7293063], [6.0497469, 49.7292921], [6.0497748, 49.7292832], [6.049837, 49.729277], [6.0499366, 49.7292807], [6.0499907, 49.7292852], [6.0500771, 49.7293031], [6.0501268, 49.7293112], [6.0501663, 49.7293121], [6.0502, 49.7293032], [6.0502264, 49.7292872], [6.0502455, 49.7292677], [6.050272, 49.7292125], [6.0502838, 49.7291823], [6.0502838, 49.7291547], [6.0502883, 49.7291191], [6.0502971, 49.7291013], [6.0503074, 49.7290861], [6.0503514, 49.7290648], [6.0503924, 49.7290533], [6.0504378, 49.729048], [6.0504744, 49.7290481], [6.0505139, 49.7290597], [6.0505665, 49.7290802], [6.0506163, 49.7290865], [6.0506529, 49.7290838], [6.0506903, 49.7290794], [6.0507474, 49.7290608], [6.0507914, 49.7290386], [6.0508266, 49.7290128], [6.0508471, 49.7289897], [6.0508662, 49.7289666], [6.0508838, 49.7289541], [6.050897, 49.7289461], [6.0509175, 49.7289399], [6.0509409, 49.7289373], [6.0509687, 49.7289435], [6.0510228, 49.7289623], [6.0510521, 49.7289659], [6.0510712, 49.7289623], [6.0510961, 49.7289481], [6.0511152, 49.7289063], [6.0511358, 49.7288716], [6.0511739, 49.728836], [6.0512062, 49.72882], [6.051234, 49.7288192], [6.0512735, 49.7288272], [6.0513189, 49.7288353], [6.0513511, 49.7288344], [6.0513877, 49.72883], [6.0514331, 49.7288274], [6.0514667, 49.7288319], [6.0515136, 49.7288373], [6.0515546, 49.7288373], [6.0515882, 49.7288338], [6.0516322, 49.7288267], [6.0516761, 49.7288214], [6.051701, 49.7288214], [6.0517142, 49.728825], [6.0517508, 49.7288304], [6.0517815, 49.7288339], [6.0518291, 49.7288322], [6.0518598, 49.7288224], [6.0518862, 49.7288073], [6.0519097, 49.7287896], [6.051939, 49.7287593], [6.0519669, 49.728738], [6.0520035, 49.728722], [6.0520475, 49.7287069], [6.0520856, 49.728699], [6.0521178, 49.728699], [6.0521441, 49.7287026], [6.0522744, 49.7287312], [6.0523358, 49.7287437], [6.0523812, 49.7287455], [6.0524134, 49.7287402], [6.0524544, 49.7287278], [6.0525043, 49.7287074], [6.052557, 49.7286807], [6.0525966, 49.7286541], [6.0526274, 49.7286274], [6.0526561, 49.7285829], [6.0526796, 49.7285482], [6.0527016, 49.7285278], [6.0527353, 49.7285109], [6.0527617, 49.7285047], [6.0527851, 49.7285038], [6.0528363, 49.728511], [6.0528714, 49.7285137], [6.0528978, 49.7285119], [6.0529256, 49.7285057], [6.0529593, 49.7285022], [6.0530544, 49.7285041], [6.053135, 49.7285024], [6.0531686, 49.7284998], [6.053214, 49.7284918], [6.0532492, 49.7284785], [6.0533005, 49.7284572], [6.0533195, 49.7284501], [6.0533474, 49.7284474], [6.0533883, 49.7284492], [6.0534674, 49.7284511], [6.0535223, 49.7284476], [6.0535545, 49.7284414], [6.0536175, 49.7284263], [6.0536615, 49.7284086], [6.0537113, 49.7283944], [6.0537655, 49.7283793], [6.0538387, 49.7283678], [6.0538724, 49.7283634], [6.0539075, 49.7283625], [6.0539353, 49.7283625], [6.0539705, 49.7283653], [6.0540319, 49.7283689], [6.0540744, 49.7283671], [6.0541154, 49.7283583], [6.0541403, 49.7283476], [6.0541828, 49.728321], [6.0543001, 49.7282436], [6.0543683, 49.7281894], [6.0544021, 49.7281601], [6.0544343, 49.7281281], [6.0544652, 49.7280827], [6.0544726, 49.7280622], [6.0544785, 49.7280418], [6.0544756, 49.7280284], [6.0544697, 49.7280159], [6.054461, 49.7280079], [6.0544069, 49.7279865], [6.0543849, 49.7279749], [6.0543674, 49.7279615], [6.054363, 49.7279455], [6.0543748, 49.7279295], [6.0544056, 49.7279126], [6.0544276, 49.7278975], [6.0544518, 49.7278717], [6.0544812, 49.7278237], [6.0544914, 49.7278086], [6.0545105, 49.7278006], [6.0545486, 49.7277882], [6.0545852, 49.7277704], [6.0545984, 49.7277571], [6.054619, 49.7277179], [6.0546308, 49.727693], [6.0546425, 49.7276761], [6.0546865, 49.7276583], [6.0547114, 49.727645], [6.0547407, 49.7276201], [6.054751, 49.7275934], [6.0547526, 49.7275454], [6.054752, 49.727505], [6.0547742, 49.7274608], [6.0547986, 49.7274378], [6.0548196, 49.7274273], [6.0548665, 49.7274116], [6.0549614, 49.727396], [6.0549897, 49.7273878], [6.0550169, 49.7273721], [6.0550428, 49.7273504], [6.0550669, 49.7273174], [6.0550867, 49.7272845], [6.0551089, 49.7272613], [6.0551348, 49.7272448], [6.055162, 49.7272321], [6.0551953, 49.7272217], [6.055247, 49.7272082], [6.0552779, 49.7271963], [6.055305, 49.7271813], [6.055347, 49.7271506], [6.0553778, 49.7271192], [6.0554341, 49.7270391], [6.0554551, 49.7270197], [6.0554761, 49.7269987], [6.055486, 49.7269792], [6.0554959, 49.726944], [6.0555046, 49.7269073], [6.0555108, 49.7268901], [6.0555256, 49.7268751], [6.055554, 49.7268512], [6.0555947, 49.726825], [6.0556404, 49.7267951], [6.0556842, 49.7267614], [6.055725, 49.7267195], [6.055788, 49.7266522], [6.0558077, 49.7266372], [6.0558324, 49.7266245], [6.0558878, 49.7266103], [6.0559421, 49.7265999], [6.0559778, 49.7265977], [6.0560074, 49.7266022], [6.0560652, 49.7266247], [6.0561034, 49.7266382], [6.0561317, 49.7266457], [6.056165, 49.7266435], [6.0561958, 49.7266346], [6.0562279, 49.7266121], [6.0562526, 49.7265784], [6.0562749, 49.726532], [6.0562919, 49.7264776], [6.0563254, 49.7263499], [6.0563441, 49.7263065], [6.0563815, 49.7262315], [6.0564174, 49.7261796], [6.0564693, 49.7261113], [6.0565326, 49.7260406], [6.0566566, 49.7259345], [6.0567469, 49.7258546], [6.0567884, 49.7258156], [6.0568164, 49.7257826], [6.056833, 49.7257594], [6.0568533, 49.725718], [6.0568784, 49.7256044], [6.056903, 49.7254854], [6.0569094, 49.7253981], [6.0569136, 49.7253524], [6.0569361, 49.7252608], [6.0569414, 49.7252254], [6.0569332, 49.7251869], [6.0569043, 49.7251381], [6.0568439, 49.7250751], [6.0567994, 49.7250275], [6.0567675, 49.7249792], [6.0567592, 49.7249572], [6.0567686, 49.7249395], [6.0567935, 49.7249121], [6.0568101, 49.7248859], [6.0568133, 49.7248676], [6.0568149, 49.7248511], [6.0567901, 49.7247967], [6.0567788, 49.7247662], [6.0567714, 49.7245995], [6.0567654, 49.7245116], [6.0567414, 49.7243919], [6.056724, 49.7243034], [6.0567251, 49.7242576], [6.0567304, 49.7242143], [6.0567648, 49.724099], [6.0567721, 49.724066], [6.0567743, 49.7240398], [6.0567819, 49.7240336], [6.0568003, 49.7240152], [6.0568212, 49.7239741], [6.0568579, 49.7239089], [6.056893, 49.7238388], [6.0569532, 49.7237301], [6.0570092, 49.7235963], [6.0570424, 49.7234826], [6.057087, 49.7232673], [6.0571242, 49.7231], [6.0571541, 49.7230095], [6.0571965, 49.7229031], [6.0572176, 49.7228495], [6.057248, 49.7228119], [6.0573133, 49.7227647], [6.0574003, 49.7227207], [6.0574781, 49.722676], [6.0575441, 49.7226256], [6.0575823, 49.7225968], [6.0576285, 49.7225552], [6.0576984, 49.72248], [6.0577196, 49.7224512], [6.0577719, 49.7223925], [6.0577982, 49.722363], [6.0578304, 49.7223268], [6.057922, 49.7222241], [6.0580269, 49.7221065], [6.0580317, 49.7221], [6.0580421, 49.7221037], [6.0580577, 49.7221027], [6.0580707, 49.7220995], [6.0580898, 49.7220911], [6.0581702, 49.7220258], [6.0582155, 49.7219836], [6.0582702, 49.7219346], [6.0583111, 49.7218982], [6.0583724, 49.7218297], [6.0584055, 49.7217838], [6.058436, 49.7217295], [6.0584664, 49.7216858], [6.0584882, 49.7216578], [6.0585095, 49.7216368], [6.0585886, 49.7215566], [6.0587282, 49.7214238], [6.0587716, 49.7213785], [6.0587821, 49.7213516], [6.0587743, 49.7213257], [6.0587571, 49.7212909], [6.058697, 49.7212107], [6.0586554, 49.7211478], [6.0586295, 49.7211035], [6.0586175, 49.7210644], [6.0586115, 49.7210386], [6.0586176, 49.7210196], [6.0586228, 49.7210064], [6.0586463, 49.7209758], [6.0586637, 49.7209632], [6.0586739, 49.7209676], [6.0591662, 49.7212264], [6.0592248, 49.7212513], [6.0592844, 49.7212766], [6.0593529, 49.7213057], [6.0594805, 49.72136], [6.060055, 49.7215876], [6.0601944, 49.721648], [6.0603271, 49.7217146], [6.060406, 49.7217586], [6.0606544, 49.7219203], [6.0607811, 49.7219879], [6.0610179, 49.7220985], [6.0612328, 49.7222039], [6.0614275, 49.7223176], [6.0616331, 49.7224588], [6.0617858, 49.7225826], [6.0619578, 49.7227156], [6.0621524, 49.7228589], [6.0622934, 49.7229531], [6.0624252, 49.723035], [6.0626919, 49.7231881], [6.062724, 49.7232059], [6.0628651, 49.7232602], [6.0633235, 49.7234456], [6.064102, 49.7237458], [6.0643598, 49.7238492], [6.0648015, 49.7240244], [6.0652343, 49.7242684], [6.065635, 49.7244943], [6.0657056, 49.7245418], [6.0657567, 49.7245761], [6.0659246, 49.7246734], [6.0663243, 49.7248638], [6.0667248, 49.7250267], [6.0672844, 49.7246889], [6.0672693, 49.7246796], [6.0676783, 49.7244163], [6.0678702, 49.7242754], [6.0680528, 49.7241396], [6.0683441, 49.7239191], [6.0688129, 49.7235669], [6.0693743, 49.7231535], [6.0699138, 49.7227563], [6.0700112, 49.722682], [6.0704335, 49.7223633], [6.0707699, 49.7219692], [6.0711546, 49.7215203], [6.0714958, 49.72113], [6.0718128, 49.7207594], [6.0721072, 49.7204132], [6.07258, 49.7198439], [6.0728044, 49.7195778], [6.0729546, 49.7191743], [6.0730413, 49.7189687], [6.0734056, 49.7185734], [6.0734463, 49.7185375], [6.0734891, 49.7184997], [6.0738767, 49.7180398], [6.0738982, 49.7180071], [6.0737803, 49.7179755], [6.0735635, 49.7179409], [6.0733136, 49.7179378], [6.0730637, 49.7179491], [6.0729222, 49.7179547], [6.0727524, 49.717946], [6.0726346, 49.7179086], [6.0725593, 49.7178684], [6.0723284, 49.7177477], [6.072272, 49.7176903], [6.0722061, 49.7176215], [6.0720554, 49.7175353], [6.0719518, 49.7174721], [6.0717915, 49.7174261], [6.0716831, 49.7173945], [6.0715888, 49.7173887], [6.0714945, 49.7174058], [6.0713199, 49.7174544], [6.0710841, 49.7175001], [6.0709143, 49.7174971], [6.0706738, 49.7175055], [6.0705182, 49.7175168], [6.0704616, 49.7175111], [6.0703674, 49.7174938], [6.0702826, 49.7174593], [6.0702592, 49.7174191], [6.0702295, 49.7173579], [6.0701756, 49.7172921], [6.0699904, 49.7171605], [6.0698694, 49.7170787], [6.0697429, 49.7169358], [6.069568, 49.7167815], [6.0693669, 49.7166441], [6.0692534, 49.7165817], [6.0692693, 49.716565], [6.0693796, 49.7164593], [6.0695356, 49.716307], [6.0695366, 49.7163061], [6.0695368, 49.7162174], [6.0695403, 49.7161939], [6.0695532, 49.7161594], [6.0695705, 49.7161255], [6.0695868, 49.7161052], [6.0696158, 49.716073], [6.0696914, 49.7160113], [6.0697945, 49.715955], [6.070384, 49.7161225], [6.0704795, 49.7161319], [6.0710856, 49.7161794], [6.0717552, 49.7162322], [6.0722566, 49.7162754], [6.0725338, 49.716306], [6.0727913, 49.7163417], [6.0730111, 49.7163774], [6.0732806, 49.7164298], [6.0735762, 49.7167193], [6.0736929, 49.7167789], [6.0754127, 49.7167814], [6.0761315, 49.7167946], [6.0765096, 49.7167737], [6.0770442, 49.7167442], [6.0777497, 49.7165658], [6.0782947, 49.7165968], [6.0783342, 49.7165854], [6.0784476, 49.7165541], [6.0785077, 49.7165416], [6.0786429, 49.7164993], [6.078817, 49.7164448], [6.079546, 49.7162222], [6.0806875, 49.7158664], [6.081096, 49.7157383], [6.0815507, 49.715632], [6.0825363, 49.7154343], [6.0826556, 49.7154158], [6.0827815, 49.7153819], [6.083308, 49.7152067], [6.0836719, 49.7150855], [6.0837673, 49.7150537], [6.0837924, 49.7150476], [6.0835521, 49.7149542], [6.082827, 49.7146794], [6.0819827, 49.7143129], [6.0817959, 49.7142135], [6.0809824, 49.7127952], [6.0806423, 49.7121064], [6.0803738, 49.7115984], [6.0802023, 49.711289], [6.079617, 49.7104008], [6.0794076, 49.7100744], [6.0793068, 49.7099005], [6.0791192, 49.7094755], [6.0787234, 49.7086285], [6.0784592, 49.7080679], [6.078221, 49.7075724], [6.0781484, 49.7075257], [6.0780426, 49.7074453], [6.077771, 49.7072057], [6.077383, 49.7067988], [6.0772186, 49.7066179], [6.0771615, 49.706395], [6.0770317, 49.706212], [6.0750857, 49.7035459], [6.0746701, 49.702707], [6.0745862, 49.7025549], [6.0747139, 49.7025115], [6.0747574, 49.7024928], [6.0746714, 49.7023404], [6.0746342, 49.7022336], [6.0744876, 49.7022636], [6.0743817, 49.702222], [6.0740996, 49.701805], [6.0739985, 49.7016555], [6.0739008, 49.7015078], [6.0738901, 49.7014909], [6.0738146, 49.7013713], [6.0737381, 49.7012501], [6.0736892, 49.7011728], [6.0736692, 49.7011421], [6.0735973, 49.7010325], [6.0735429, 49.7009494], [6.0734785, 49.7008442], [6.0734687, 49.7008286], [6.0733479, 49.7006365], [6.0732093, 49.700416], [6.073053, 49.7001675], [6.0730006, 49.7000841], [6.0728151, 49.6998104], [6.0727002, 49.699648], [6.0725947, 49.6994927], [6.0725235, 49.6993879], [6.0724577, 49.699291], [6.0723458, 49.6991263], [6.0723286, 49.699101], [6.0722194, 49.698946], [6.0721782, 49.6988901], [6.0719978, 49.6988149], [6.0722132, 49.6986952], [6.0724467, 49.6985622], [6.0726801, 49.698431], [6.0727444, 49.6983948], [6.0727861, 49.6983714], [6.0727575, 49.6983425], [6.0725775, 49.6981479], [6.0724123, 49.6979544], [6.0722842, 49.6978065], [6.0721603, 49.6976598], [6.0720324, 49.6974996], [6.072017, 49.6974795], [6.0720894, 49.6973834], [6.0722522, 49.6971187], [6.0723532, 49.6969462], [6.0719875, 49.6967321], [6.0717394, 49.6965893], [6.0717872, 49.6965527], [6.0718676, 49.6964835], [6.0721073, 49.6962601], [6.0723548, 49.6960221], [6.0725823, 49.6958065], [6.0726507, 49.6957671], [6.0727585, 49.6956702], [6.0728613, 49.6955823], [6.0730624, 49.6954478], [6.0733629, 49.6952503], [6.0735302, 49.6951445], [6.0736569, 49.6950657], [6.0738611, 49.6949529], [6.0740472, 49.6948614], [6.0743334, 49.6947289], [6.0746871, 49.6945717], [6.0750401, 49.6944189], [6.0752191, 49.694336], [6.0753203, 49.6943384], [6.0753665, 49.6943925], [6.0754208, 49.694396], [6.0756305, 49.6944095], [6.0758204, 49.6944248], [6.075905, 49.6944348], [6.075973, 49.6944492], [6.0760871, 49.6944674], [6.0761744, 49.6944758], [6.0762629, 49.6944842], [6.0763437, 49.6944964], [6.0763886, 49.6945048], [6.0764502, 49.6945079], [6.0765066, 49.6945049], [6.0765618, 49.6944973], [6.0765934, 49.694492], [6.0766165, 49.6944958], [6.0766588, 49.6945125], [6.0767588, 49.6945564], [6.0769492, 49.6946274], [6.0771185, 49.6946851], [6.0772531, 49.694723], [6.0775532, 49.6947974], [6.07772, 49.6948437], [6.0777879, 49.6948589], [6.0778816, 49.6948704], [6.0779508, 49.6948818], [6.0779816, 49.6948924], [6.0780053, 49.6949056], [6.0780604, 49.6949428], [6.0780963, 49.6949617], [6.0781451, 49.6949739], [6.0782015, 49.6949777], [6.0782888, 49.6949838], [6.0783529, 49.6949899], [6.07839, 49.6949984], [6.0784361, 49.6950197], [6.0784874, 49.6950356], [6.0785464, 49.6950417], [6.0785977, 49.695038], [6.0786555, 49.6950289], [6.0787441, 49.695007], [6.078789, 49.6950003], [6.0788519, 49.694998], [6.0788839, 49.6950034], [6.0789173, 49.6950155], [6.0789506, 49.6950337], [6.0789916, 49.6950595], [6.0790137, 49.6950811], [6.0790611, 49.6951205], [6.0791022, 49.6951387], [6.0791381, 49.695144], [6.0791933, 49.6951388], [6.0792715, 49.6951252], [6.0793203, 49.6951237], [6.0793793, 49.6951328], [6.0794357, 49.6951473], [6.0795101, 49.6951761], [6.0795947, 49.695211], [6.0796973, 49.6952391], [6.0797469, 49.6952517], [6.0798469, 49.6952775], [6.079947, 49.6952866], [6.0800496, 49.6952958], [6.0801715, 49.6953126], [6.0803049, 49.6953217], [6.0804024, 49.69534], [6.0804601, 49.6953597], [6.0805383, 49.6954044], [6.0805767, 49.6954241], [6.080628, 49.6954363], [6.080695, 49.6954406], [6.0808079, 49.6954438], [6.0808836, 49.6954491], [6.080958, 49.6954651], [6.0810375, 49.6954977], [6.0810991, 49.6955219], [6.0811683, 49.6955394], [6.0812222, 49.6955463], [6.0812773, 49.6955592], [6.0813286, 49.6955789], [6.081435, 49.6956236], [6.0815056, 49.695657], [6.0815973, 49.6957081], [6.0816896, 49.6957604], [6.0817331, 49.6957854], [6.0817652, 49.695799], [6.0818037, 49.6958127], [6.0819114, 49.69584], [6.0820576, 49.6958818], [6.0821358, 49.695906], [6.0821666, 49.6959205], [6.0822256, 49.6959508], [6.0823841, 49.6960399], [6.0826238, 49.6961718], [6.0827059, 49.6962249], [6.0827174, 49.6962347], [6.0827174, 49.6962461], [6.0827122, 49.696262], [6.082716, 49.6962862], [6.0827288, 49.6962953], [6.0827506, 49.6963059], [6.0828122, 49.6963234], [6.0828404, 49.6963362], [6.0828578, 49.6963501], [6.0829027, 49.6963857], [6.0829232, 49.6964008], [6.0829488, 49.6964092], [6.083004, 49.6964206], [6.0830348, 49.6964342], [6.0830553, 49.6964517], [6.083077, 49.6964774], [6.0831077, 49.6965418], [6.0831422, 49.6966024], [6.0831678, 49.6966387], [6.0832204, 49.6966895], [6.0832302, 49.6967102], [6.0832327, 49.6967322], [6.0832198, 49.6967526], [6.083198, 49.69677], [6.0831967, 49.6967844], [6.0832095, 49.6967995], [6.0832338, 49.6968132], [6.0833082, 49.6968344], [6.083457, 49.6968701], [6.0834929, 49.6968807], [6.0835301, 49.6969004], [6.0835826, 49.6969232], [6.0836224, 49.6969406], [6.0836544, 49.6969618], [6.0836711, 49.6969808], [6.0836992, 49.6970255], [6.0837197, 49.6970452], [6.0837479, 49.6970641], [6.0838184, 49.6970982], [6.083877, 49.6971257], [6.0839244, 49.6971614], [6.0839526, 49.6971909], [6.0839922, 49.6972523], [6.0840217, 49.6972863], [6.0840473, 49.6973106], [6.0840768, 49.6973303], [6.084114, 49.697347], [6.0841524, 49.6973606], [6.0842371, 49.6973758], [6.0843513, 49.6973971], [6.084468, 49.6974207], [6.0846386, 49.6974639], [6.0847412, 49.6974928], [6.0847719, 49.697511], [6.0848036, 49.6975331], [6.0848279, 49.697546], [6.0848574, 49.6975589], [6.0849151, 49.6975983], [6.085024, 49.6976711], [6.0850484, 49.6976787], [6.0850869, 49.697684], [6.0851035, 49.6976931], [6.0851112, 49.6977075], [6.0851138, 49.6977279], [6.0851278, 49.69774], [6.0851612, 49.6977582], [6.0851791, 49.6977651], [6.0852125, 49.6977666], [6.0852343, 49.6977613], [6.0852536, 49.69775], [6.0852741, 49.6977462], [6.0852998, 49.6977583], [6.0853157, 49.6977739], [6.0853477, 49.697802], [6.0854015, 49.6978293], [6.0854964, 49.6978649], [6.0855593, 49.697893], [6.0856259, 49.6979218], [6.0856759, 49.6979559], [6.0856913, 49.6979786], [6.0857028, 49.6979991], [6.0857156, 49.6980066], [6.0857374, 49.6980112], [6.0857592, 49.6980203], [6.0857784, 49.6980385], [6.0858002, 49.6980642], [6.0858143, 49.6980733], [6.0858336, 49.6980779], [6.0858554, 49.6980779], [6.0858733, 49.6980718], [6.0858887, 49.6980703], [6.0859144, 49.6980825], [6.0859439, 49.6980976], [6.0859605, 49.6981143], [6.0859784, 49.6981514], [6.0860078, 49.6981976], [6.0860143, 49.6982074], [6.0860368, 49.6982168], [6.0860535, 49.6982274], [6.0860612, 49.6982425], [6.0860752, 49.6982773], [6.0860945, 49.698297], [6.0861111, 49.6983046], [6.086165, 49.6983168], [6.0861958, 49.6983236], [6.0862137, 49.6983342], [6.0862278, 49.6983509], [6.0862316, 49.6983812], [6.086238, 49.6984046], [6.0862508, 49.698419], [6.0862662, 49.6984259], [6.0862829, 49.6984244], [6.0862919, 49.698416], [6.0863047, 49.6984032], [6.0863265, 49.6984009], [6.0863445, 49.6984123], [6.0863496, 49.6984244], [6.086338, 49.6984441], [6.08632, 49.6984683], [6.0863238, 49.698488], [6.0863341, 49.6985031], [6.0864148, 49.6985516], [6.0864892, 49.6985948], [6.0865187, 49.6986054], [6.0865392, 49.6986077], [6.0865674, 49.6986032], [6.086588, 49.6985926], [6.0866047, 49.6985805], [6.0866201, 49.6985805], [6.0866419, 49.6985843], [6.0866873, 49.6986059], [6.0867168, 49.6986203], [6.0867322, 49.6986378], [6.0867398, 49.6986749], [6.0867526, 49.6986983], [6.0867718, 49.6987105], [6.0867937, 49.6987165], [6.0868193, 49.6987128], [6.0869246, 49.6987], [6.0870876, 49.6986759], [6.0872942, 49.6986548], [6.0874397, 49.6986427], [6.0875787, 49.698636], [6.087694, 49.6986309], [6.0879042, 49.698628], [6.0883327, 49.6986321], [6.0887414, 49.6986414], [6.0897326, 49.6986822], [6.0903558, 49.6986917], [6.0903979, 49.6986926], [6.0904546, 49.698558], [6.0904947, 49.6984171], [6.0905281, 49.6982917], [6.0905583, 49.6980803], [6.0905741, 49.6979156], [6.0905882, 49.6978188], [6.0906104, 49.6977913], [6.0907002, 49.6977443], [6.0908299, 49.6976961], [6.0909141, 49.6976588], [6.0909859, 49.6976083], [6.0910148, 49.6975711], [6.0910282, 49.6975123], [6.091005, 49.6974286], [6.090899, 49.6972632], [6.0907952, 49.6971817], [6.0906248, 49.6970508], [6.0905886, 49.6970099], [6.0905709, 49.6969557], [6.0905632, 49.6969165], [6.0905789, 49.6968192], [6.0905702, 49.6967667], [6.0905459, 49.6966856], [6.0905416, 49.6966275], [6.0905639, 49.6965373], [6.0905552, 49.6964445], [6.0905342, 49.6963853], [6.090469, 49.6963316], [6.0903273, 49.6962819], [6.090271, 49.6962507], [6.0902367, 49.6962056], [6.0902114, 49.6961272], [6.0901938, 49.6960285], [6.0901708, 49.6959119], [6.0901643, 49.6958197], [6.0901887, 49.6957818], [6.090273, 49.6957407], [6.090511, 49.6957039], [6.0910535, 49.6956187], [6.0911566, 49.6955933], [6.0912053, 49.6955665], [6.0912364, 49.6955339], [6.0912498, 49.6954907], [6.0912432, 49.6954331], [6.0912077, 49.6954075], [6.0911015, 49.6953623], [6.0909288, 49.6952942], [6.0908447, 49.695253], [6.0908016, 49.6951968], [6.0907498, 49.6950978], [6.0906492, 49.6949971], [6.0906149, 49.6949501], [6.090615, 49.6949148], [6.0906328, 49.6948677], [6.0907358, 49.6947891], [6.0908977, 49.6946892], [6.0909964, 49.6946206], [6.0910141, 49.6945805], [6.0910231, 49.694487], [6.0910134, 49.6942923], [6.0909771, 49.6941411], [6.0909109, 49.6939796], [6.0907927, 49.6938654], [6.0906621, 49.6938216], [6.0905448, 49.6937705], [6.0904873, 49.6937058], [6.09045, 49.6936376], [6.0904158, 49.6935173], [6.0904105, 49.6933979], [6.0904494, 49.6933254], [6.0905304, 49.6932294], [6.0906543, 49.6931443], [6.0907673, 49.6930993], [6.0908549, 49.6930621], [6.0909126, 49.6930733], [6.0916166, 49.6931184], [6.0925402, 49.6931746], [6.0926096, 49.693703], [6.0926221, 49.6937624], [6.0926304, 49.693802], [6.0926575, 49.6939195], [6.09267, 49.6939926], [6.0928287, 49.6946276], [6.0930245, 49.6952863], [6.0930362, 49.6953498], [6.0930383, 49.6954094], [6.0930338, 49.6954957], [6.09304, 49.6956454], [6.0930495, 49.6958066], [6.0930729, 49.6959614], [6.093155, 49.696431], [6.0931592, 49.6964868], [6.0931641, 49.696799], [6.0931558, 49.6973015], [6.0931707, 49.697417], [6.0931814, 49.6974576], [6.0932113, 49.6976124], [6.0932637, 49.6977901], [6.0933494, 49.6980338], [6.0934898, 49.69836], [6.0936774, 49.6987116], [6.0936602, 49.6988216], [6.0936165, 49.6990704], [6.0935813, 49.6994145], [6.0935766, 49.6995064], [6.0935724, 49.69959], [6.0935693, 49.699728], [6.0935699, 49.6998692], [6.0938064, 49.6999406], [6.0941349, 49.700043], [6.0948606, 49.7002704], [6.0954642, 49.7004632], [6.0959111, 49.7006077], [6.0961097, 49.7006785], [6.0961825, 49.7007079], [6.096415, 49.7008324], [6.0971048, 49.7011996], [6.0977805, 49.7015621], [6.0978048, 49.7015754], [6.0991879, 49.7023175], [6.09994, 49.702721], [6.1008477, 49.7031662], [6.1011141, 49.7032969], [6.1011795, 49.703329], [6.1014572, 49.7034652], [6.1018373, 49.7036771], [6.102007, 49.7037717], [6.1026703, 49.7041415], [6.1034208, 49.7045767], [6.1037691, 49.7047786], [6.1039641, 49.7048804], [6.1042587, 49.7050583], [6.1047921, 49.7054741], [6.1049721, 49.705621], [6.105049, 49.7057119], [6.1052172, 49.7060907], [6.1054867, 49.7066918], [6.1058869, 49.7075944], [6.1062201, 49.7083521], [6.1062528, 49.7084584], [6.1062391, 49.7085299], [6.1059511, 49.7094264], [6.1056989, 49.7096665], [6.1053348, 49.7099905], [6.1051888, 49.7101115], [6.1049435, 49.7103333], [6.1048804, 49.7104361], [6.1047716, 49.7106269], [6.1046653, 49.7108636], [6.1045866, 49.7110696], [6.1044288, 49.7115124], [6.1043582, 49.7117205], [6.1043088, 49.711892], [6.104281, 49.7120219], [6.1042156, 49.7123481], [6.104222, 49.7124149], [6.1042708, 49.712434], [6.1042868, 49.7124898], [6.104532, 49.7129762], [6.1047184, 49.7132841], [6.1048575, 49.7135137], [6.105338, 49.7143375], [6.1054866, 49.7146318], [6.1055706, 49.714828], [6.1056973, 49.7151303], [6.1058444, 49.7154741], [6.1058886, 49.7155907], [6.1059465, 49.7157693], [6.1059768, 49.7158886], [6.1059962, 49.7160865], [6.1060025, 49.7162571], [6.1059733, 49.7163551], [6.1059091, 49.716546], [6.1058486, 49.7167748], [6.1058132, 49.7168411], [6.1055522, 49.7176499], [6.1051818, 49.7179115], [6.1046241, 49.7182937], [6.1043462, 49.7184659], [6.1042188, 49.7185402], [6.1040602, 49.7186167], [6.1039828, 49.7186516], [6.1038631, 49.7187053], [6.1031619, 49.7192729], [6.1026934, 49.7196362], [6.1026078, 49.7197024], [6.1023166, 49.7199271], [6.1022651, 49.7199669], [6.1022185, 49.7199979], [6.1020923, 49.7200818], [6.1020866, 49.7200855], [6.1017546, 49.7202509], [6.1015146, 49.7203749], [6.1008529, 49.7207167], [6.1008131, 49.7207385], [6.0999282, 49.7212363], [6.0996399, 49.7213985], [6.0995319, 49.7214592], [6.0995931, 49.7215019], [6.099857, 49.7216859], [6.1004526, 49.7221011], [6.1006905, 49.7223418], [6.1007096, 49.722361], [6.1009377, 49.7226463], [6.1008597, 49.722677], [6.1008164, 49.722697], [6.100737, 49.7226341], [6.1005601, 49.722727], [6.1005919, 49.7227505], [6.1006737, 49.7228282], [6.1007255, 49.7228954], [6.1007716, 49.722981], [6.100803, 49.7230571], [6.1008187, 49.7231311], [6.1008321, 49.7232003], [6.1008393, 49.7232948], [6.1008549, 49.7233867], [6.1008684, 49.7234607], [6.1009037, 49.7235292], [6.1009791, 49.7236313], [6.1011561, 49.7239274], [6.1011865, 49.7239753], [6.101196, 49.7240261], [6.1011959, 49.724061], [6.1011801, 49.7241117], [6.1011733, 49.7241583], [6.1011676, 49.7242076], [6.1011624, 49.7242583], [6.1011804, 49.7242994], [6.101195, 49.7243426], [6.1012287, 49.724407], [6.1012466, 49.7244686], [6.1012505, 49.7245173], [6.1012392, 49.7245769], [6.101229, 49.7246242], [6.1012301, 49.7246639], [6.1012368, 49.7247023], [6.1012604, 49.7247461], [6.1013397, 49.7248126], [6.1014196, 49.7248825], [6.1014533, 49.7249264], [6.1014657, 49.7249716], [6.1014611, 49.7250093], [6.101421, 49.7250915], [6.1014018, 49.7251394], [6.1014118, 49.7252539], [6.1014155, 49.7254251], [6.1014086, 49.7255416], [6.1013865, 49.725617], [6.1013312, 49.7257005], [6.1012347, 49.7258114], [6.1012167, 49.7258484], [6.101211, 49.7258806], [6.1012132, 49.7259183], [6.1012334, 49.7259937], [6.1012946, 49.7261424], [6.1013462, 49.7262568], [6.1013793, 49.7263719], [6.1013871, 49.7264363], [6.1013837, 49.7264993], [6.1013885, 49.7266535], [6.1013941, 49.7267042], [6.1014109, 49.7267528], [6.1014514, 49.7268173], [6.1015292, 49.7269192], [6.1015847, 49.7270108], [6.1016393, 49.7271128], [6.1016839, 49.7272108], [6.1017045, 49.7272937], [6.1017132, 49.7274542], [6.1017482, 49.7275963], [6.1017754, 49.727788], [6.1017831, 49.727841], [6.1017775, 49.7278805], [6.1017203, 49.727994], [6.1016403, 49.7280585], [6.1015586, 49.7281265], [6.101544, 49.7281468], [6.101535, 49.7281747], [6.1015406, 49.7282094], [6.1015779, 49.7282713], [6.1016036, 49.7283046], [6.1016505, 49.7283617], [6.1017041, 49.728408], [6.1017432, 49.7284284], [6.1017846, 49.7284414], [6.1018662, 49.7284672], [6.1019176, 49.7284877], [6.1019594, 49.7285312], [6.1019706, 49.7285659], [6.1019705, 49.7286026], [6.1019727, 49.7286631], [6.1019726, 49.7287114], [6.1019629, 49.7288562], [6.1019685, 49.7288915], [6.1019807, 49.7289174], [6.1020142, 49.7289799], [6.1020583, 49.7290432], [6.1021208, 49.7291031], [6.1021979, 49.7291738], [6.1022247, 49.7292132], [6.1022336, 49.7292506], [6.1022374, 49.7293166], [6.102234, 49.7293615], [6.102254, 49.7294308], [6.1022941, 49.7295287], [6.1023159, 49.7295757], [6.1023527, 49.7296389], [6.1024286, 49.729743], [6.1025112, 49.7298586], [6.1025592, 49.7299246], [6.1026003, 49.7299316], [6.1027037, 49.7300406], [6.1030815, 49.7304385], [6.1036394, 49.7310262], [6.1038826, 49.7310661], [6.1039993, 49.7310853], [6.1041543, 49.7311107], [6.1042135, 49.7311093], [6.1042225, 49.731122], [6.1060581, 49.7314219], [6.1060844, 49.7314445], [6.1063195, 49.7314839], [6.1065727, 49.7315264], [6.1065628, 49.731551], [6.1065513, 49.7316111], [6.1064168, 49.7319439], [6.1062352, 49.7322426], [6.1060565, 49.7324499], [6.1056641, 49.7328078], [6.1053929, 49.7330777], [6.1052028, 49.7332074], [6.1050709, 49.7333006], [6.1049274, 49.7333885], [6.1046234, 49.7335548], [6.1041212, 49.7338092], [6.1043195, 49.7339692], [6.1043997, 49.7340339], [6.1045162, 49.7341278], [6.1046322, 49.7342214], [6.1043318, 49.7343041], [6.104145, 49.7343652], [6.1040459, 49.7344116], [6.1039013, 49.7344964], [6.1037323, 49.734593], [6.1035788, 49.7346719], [6.1034699, 49.734736], [6.103418, 49.7347596], [6.1033416, 49.7347843], [6.1032831, 49.734804], [6.1032214, 49.7348217], [6.1031727, 49.7348463], [6.1031175, 49.7348818], [6.1030013, 49.7349568], [6.1028258, 49.7350672], [6.1027007, 49.7351511], [6.1026145, 49.735228], [6.1025487, 49.7353], [6.1024917, 49.7353809], [6.1024462, 49.7354579], [6.1024006, 49.7355338], [6.1023135, 49.7357253], [6.1022646, 49.7358644], [6.1022466, 49.735971], [6.1022375, 49.7361328], [6.1022392, 49.7362249], [6.1022405, 49.7362947], [6.1022473, 49.736385], [6.1022509, 49.7364329], [6.1022575, 49.7365295], [6.1022591, 49.7365542], [6.1022613, 49.7365857], [6.1022637, 49.7366206], [6.1022662, 49.7366578], [6.1022708, 49.7367259], [6.1022748, 49.7367833], [6.1022773, 49.7368675], [6.1022794, 49.7369392], [6.1022564, 49.7371519], [6.1022555, 49.7372387], [6.102231, 49.737366], [6.102208, 49.73752], [6.1022109, 49.7375833], [6.1022215, 49.7376616], [6.1022863, 49.7377964], [6.102376, 49.7379152], [6.1025266, 49.7381148], [6.1027404, 49.738345], [6.1029118, 49.7384882], [6.1030076, 49.7385682], [6.1031959, 49.7387342], [6.1033264, 49.7388492], [6.1033744, 49.7388915], [6.1034454, 49.7389541], [6.1034745, 49.7389797], [6.103633, 49.7391194], [6.1037107, 49.739188], [6.1037857, 49.7392541], [6.1038475, 49.7393086], [6.103889, 49.7393452], [6.1040045, 49.7394469], [6.1042693, 49.7396804], [6.104474, 49.7398609], [6.1045028, 49.7398862], [6.1046083, 49.7399793], [6.10464, 49.7400072], [6.1046605, 49.7400239], [6.1047842, 49.7401245], [6.1048239, 49.7401568], [6.1050347, 49.7403283], [6.1052494, 49.7405029], [6.1053339, 49.7405731], [6.1055549, 49.7407623], [6.1055987, 49.7407497], [6.1059345, 49.7406531], [6.1060339, 49.7406245], [6.1065433, 49.7404778], [6.1067899, 49.7404068], [6.1070516, 49.7404449], [6.1073168, 49.7406722], [6.108719, 49.740059], [6.1087481, 49.7400462], [6.1088199, 49.7400149], [6.1088228, 49.7400116], [6.108873, 49.7399788], [6.1088648, 49.7398952], [6.1089051, 49.7398152], [6.1090441, 49.7395498], [6.1091837, 49.7393882], [6.1093516, 49.7392882], [6.1095291, 49.7391766], [6.109735, 49.7390516], [6.1098903, 49.7389362], [6.1100884, 49.7387746], [6.1102089, 49.73869], [6.1103451, 49.7386034], [6.1106177, 49.7384111], [6.1108554, 49.7382476], [6.111047, 49.7381668], [6.1111072, 49.7381572], [6.1111863, 49.7381572], [6.1113067, 49.7381785], [6.1115187, 49.7382306], [6.1116264, 49.7382652], [6.1117055, 49.7382788], [6.1117752, 49.7382769], [6.1119209, 49.7382519], [6.1119652, 49.7382462], [6.1120095, 49.7382597], [6.1120792, 49.7382809], [6.1122597, 49.7382925], [6.1124845, 49.7382868], [6.1125763, 49.7382619], [6.1126619, 49.7382138], [6.1127855, 49.7380906], [6.1128616, 49.7379887], [6.1128712, 49.7379232], [6.1127953, 49.73785], [6.1126073, 49.737736], [6.1125399, 49.7376907], [6.1124596, 49.7376345], [6.1123673, 49.7375789], [6.1123471, 49.7375244], [6.1123681, 49.7374126], [6.1123878, 49.7372982], [6.1124157, 49.737249], [6.1124193, 49.7372083], [6.1124123, 49.737177], [6.1123859, 49.7371312], [6.1122327, 49.7369904], [6.1122076, 49.7369591], [6.1122063, 49.7369277], [6.1122433, 49.7368498], [6.1122936, 49.7367862], [6.1123829, 49.7366939], [6.1124848, 49.736599], [6.1125521, 49.736533], [6.1126425, 49.7364327], [6.1126679, 49.7363772], [6.1126723, 49.7362957], [6.1126515, 49.7362241], [6.1125977, 49.7361565], [6.1125037, 49.7360916], [6.1124696, 49.7360474], [6.1124444, 49.7359993], [6.1124453, 49.7359318], [6.1124456, 49.7359123], [6.1124979, 49.7358468], [6.1125397, 49.7358228], [6.1125981, 49.7358041], [6.1126333, 49.7358014], [6.1126938, 49.7358054], [6.1127411, 49.7358202], [6.1127895, 49.7358189], [6.1129226, 49.7357962], [6.1132434, 49.7357321], [6.1133611, 49.7357135], [6.1134579, 49.7357021], [6.1135251, 49.7356988], [6.1135834, 49.7356975], [6.1136351, 49.7357029], [6.1139128, 49.7357659], [6.1139755, 49.7357853], [6.1140448, 49.7357967], [6.1141152, 49.7357974], [6.1142219, 49.7357801], [6.114365, 49.7357166], [6.1145285, 49.7356137], [6.1146804, 49.7355154], [6.1147602, 49.7354613], [6.1147889, 49.7354245], [6.1147999, 49.7353864], [6.1148451, 49.7352848], [6.1149068, 49.7351651], [6.1149306, 49.7351149], [6.1149273, 49.7350922], [6.1149119, 49.7350761], [6.1148822, 49.735044], [6.1148284, 49.7350179], [6.1146766, 49.7349717], [6.1146161, 49.7349369], [6.1145809, 49.7349148], [6.1145694, 49.7348593], [6.1145849, 49.7348332], [6.1146642, 49.7346854], [6.1146834, 49.7346337], [6.1147087, 49.7345956], [6.1147974, 49.7344933], [6.1148514, 49.7343696], [6.1148789, 49.7343475], [6.1149186, 49.7343228], [6.1149769, 49.7342834], [6.1150304, 49.7341904], [6.1151108, 49.734036], [6.1152007, 49.7338802], [6.115274, 49.7337391], [6.115361, 49.7335907], [6.1153892, 49.7335098], [6.1154586, 49.7334409], [6.1155202, 49.7333794], [6.1155346, 49.7333072], [6.1155034, 49.7331781], [6.1154771, 49.7330564], [6.1154914, 49.733033], [6.1155344, 49.7330149], [6.1155674, 49.7330143], [6.1156102, 49.733025], [6.1156614, 49.7330364], [6.1156933, 49.7330304], [6.1157252, 49.7330297], [6.1157802, 49.7330338], [6.1158374, 49.7330365], [6.1159001, 49.7330225], [6.1159507, 49.7330111], [6.1159914, 49.7330078], [6.1160366, 49.7329938], [6.116096, 49.7329717], [6.1161587, 49.7329423], [6.1162721, 49.7328875], [6.1164059, 49.7327699], [6.1164841, 49.732681], [6.1166409, 49.732564], [6.1168424, 49.7324477], [6.1169183, 49.7324197], [6.1169524, 49.7324076], [6.117003, 49.732403], [6.1170371, 49.7324083], [6.1170712, 49.7324151], [6.1171097, 49.7324124], [6.1171505, 49.7323977], [6.1172688, 49.7323182], [6.117358, 49.732248], [6.1173921, 49.7322045], [6.1173988, 49.7321671], [6.1174126, 49.7320962], [6.1174335, 49.7320514], [6.1174358, 49.732022], [6.1174248, 49.7319899], [6.1173885, 49.7319491], [6.1173765, 49.7318902], [6.1173804, 49.7318313], [6.1174113, 49.7317725], [6.1174631, 49.7316608], [6.1174989, 49.7316007], [6.117521, 49.7315425], [6.1175177, 49.7315097], [6.1174979, 49.7314629], [6.1174562, 49.7314321], [6.117421, 49.731418], [6.1173484, 49.731408], [6.1172846, 49.7313972], [6.1172307, 49.7313785], [6.117201, 49.7313644], [6.1171697, 49.7313397], [6.1171675, 49.7313203], [6.117183, 49.7313029], [6.1172083, 49.7312862], [6.1172666, 49.7312742], [6.1175064, 49.7312676], [6.1176318, 49.7312583], [6.1177154, 49.7312423], [6.1177529, 49.7312242], [6.1177672, 49.7311982], [6.1177815, 49.731158], [6.1178042, 49.7310504], [6.1178538, 49.7309521], [6.1178946, 49.7308966], [6.1180052, 49.7308037], [6.1181439, 49.7307154], [6.1182667, 49.7306025], [6.118324, 49.7305269], [6.1183328, 49.7305002], [6.1183317, 49.7304661], [6.1183164, 49.7304085], [6.118306, 49.7303189], [6.1183403, 49.7301745], [6.1183711, 49.7300882], [6.1183865, 49.7300237], [6.1183799, 49.7299742], [6.1183613, 49.7299313], [6.1183349, 49.7299006], [6.1181656, 49.729843], [6.118104, 49.7298122], [6.1180622, 49.72976], [6.1180513, 49.7296851], [6.118058, 49.729562], [6.1180922, 49.729455], [6.1182553, 49.7291515], [6.1182884, 49.7290846], [6.1182929, 49.7290164], [6.1181865, 49.7287315], [6.1180537, 49.7284452], [6.1179262, 49.728322], [6.1177547, 49.7282457], [6.1174798, 49.7281466], [6.1175118, 49.7280784], [6.1175186, 49.7280628], [6.117562, 49.7279637], [6.1176026, 49.727871], [6.1176337, 49.7278001], [6.1177593, 49.7275134], [6.117914, 49.727131], [6.1179193, 49.7271173], [6.1180653, 49.7267844], [6.1181854, 49.7265104], [6.1182865, 49.7262799], [6.118337, 49.7261646], [6.1183674, 49.7260954], [6.1185628, 49.7261168], [6.1189952, 49.7261642], [6.1191728, 49.7261836], [6.1192429, 49.7261913], [6.1206758, 49.7263485], [6.1211303, 49.7264019], [6.12166, 49.7264641], [6.1217317, 49.7264732], [6.1219426, 49.7265036], [6.1228974, 49.7266024], [6.1228534, 49.7267941], [6.122789, 49.7270741], [6.1227597, 49.7272018], [6.1227297, 49.7273322], [6.1227157, 49.7273931], [6.1231794, 49.7274589], [6.1233265, 49.7274797], [6.123287, 49.7275782], [6.1232503, 49.7276697], [6.1234965, 49.7277215], [6.1235855, 49.7277338], [6.1236852, 49.7277507], [6.124036, 49.7278073], [6.1242616, 49.7278414], [6.1243093, 49.7278497], [6.1246877, 49.7279134], [6.1248808, 49.7279411], [6.1250741, 49.7279721], [6.1252443, 49.7279998], [6.1252815, 49.7280072], [6.1253842, 49.7280227], [6.125728, 49.7280839], [6.125766, 49.7280905], [6.126165, 49.7281574], [6.12631, 49.7281838], [6.1271412, 49.7283381], [6.1274189, 49.7283885], [6.1275056, 49.7284042], [6.1276045, 49.7284232], [6.12769, 49.7283144], [6.1278512, 49.7283583], [6.128175, 49.7284414], [6.1283348, 49.7284833], [6.1284607, 49.7285084], [6.1285178, 49.7285174], [6.1286215, 49.7285445], [6.1287125, 49.728576], [6.1287633, 49.7285966], [6.1288691, 49.728625], [6.1289141, 49.728636], [6.1289998, 49.7286514], [6.1290834, 49.7286611], [6.1291702, 49.7286695], [6.1292792, 49.7286869], [6.1294464, 49.728714], [6.1295905, 49.7287407], [6.1297333, 49.728771], [6.1298857, 49.7288], [6.1301143, 49.7288509], [6.1301418, 49.728858], [6.1303142, 49.7289089], [6.1304253, 49.7289611], [6.1305264, 49.7290145], [6.1306713, 49.7291111], [6.1307987, 49.7292076], [6.1309542, 49.7293344], [6.131124, 49.729493], [6.131289, 49.7296635], [6.1315573, 49.7299663], [6.1316254, 49.7300512], [6.13167, 49.730146], [6.1316957, 49.7302325], [6.132191, 49.7308704], [6.1328566, 49.7317563], [6.132942, 49.7318699], [6.1336229, 49.7326482], [6.1338323, 49.7328875], [6.1339243, 49.7329884], [6.1339381, 49.7330035], [6.1340471, 49.7331229], [6.1340926, 49.7331727], [6.1341693, 49.7332568], [6.1343342, 49.7334381], [6.1345866, 49.7337001], [6.1346889, 49.7338064], [6.1347286, 49.733846], [6.1352377, 49.7343544], [6.1350815, 49.7344322], [6.1349623, 49.7344995], [6.1352038, 49.7345594], [6.1353672, 49.7346003], [6.1355571, 49.7346572], [6.135747, 49.7347171], [6.135953, 49.734794], [6.1361582, 49.73487], [6.1363304, 49.7349441], [6.1365332, 49.7350343], [6.1367328, 49.7351283], [6.1368897, 49.7352071], [6.1371954, 49.7353685], [6.1375487, 49.7355669], [6.1382013, 49.7359419], [6.1387629, 49.7362628], [6.1391838, 49.7364993], [6.1392217, 49.7365197], [6.1425997, 49.7375917], [6.1426879, 49.7376197], [6.1427658, 49.7375822], [6.1468367, 49.7382359], [6.1471738, 49.7382977], [6.1478688, 49.7385026], [6.148949, 49.738826], [6.1494673, 49.7389902], [6.1500817, 49.7391875], [6.1505135, 49.7393619], [6.1508615, 49.739504], [6.1510047, 49.7395834], [6.1512558, 49.7397716], [6.1515106, 49.7399601], [6.1519362, 49.7402796], [6.1523187, 49.7405825], [6.1529103, 49.7410362], [6.153007, 49.7411094], [6.1539664, 49.7418363], [6.1545255, 49.742235], [6.1553568, 49.7428484], [6.1557226, 49.7431155], [6.1558991, 49.7432433], [6.1559317, 49.7432352], [6.1559679, 49.7432331], [6.156022, 49.7432746], [6.1560547, 49.7432997], [6.1560648, 49.7433074], [6.1560951, 49.7433325], [6.1562712, 49.7434754], [6.1564907, 49.7436594], [6.1565834, 49.7437408], [6.1566828, 49.7438299], [6.1567544, 49.7439114], [6.1568113, 49.7439857], [6.1568947, 49.7440963], [6.1569554, 49.7441834], [6.1570051, 49.7442582], [6.1570316, 49.744333], [6.1570526, 49.7444446], [6.157056, 49.7445086], [6.157056, 49.7445681], [6.1570509, 49.7445845], [6.1567831, 49.7445298], [6.1565134, 49.7444748], [6.1564364, 49.7444537], [6.156503, 49.7445446], [6.1566735, 49.744748], [6.1568701, 49.7449603], [6.1568578, 49.7449865], [6.1567932, 49.7451394], [6.1567484, 49.7452453], [6.1566638, 49.7454451], [6.1565912, 49.7456165], [6.1565055, 49.7458186], [6.1563602, 49.7461573], [6.1562377, 49.7464371], [6.1561475, 49.746643], [6.1561015, 49.7467482], [6.1560721, 49.746806], [6.1560153, 49.7469179], [6.1564244, 49.7473895], [6.1566934, 49.7476991], [6.1569068, 49.7479889], [6.1573002, 49.7484539], [6.1579132, 49.7491822], [6.1577153, 49.7492381], [6.1576685, 49.7492504], [6.1571504, 49.7493754], [6.1570647, 49.7493536], [6.1569977, 49.7493649], [6.1568761, 49.749382], [6.1566673, 49.7493914], [6.156418, 49.7494047], [6.1562263, 49.7494463], [6.1559597, 49.7495408], [6.1559643, 49.7496056], [6.1559662, 49.7496214], [6.1559727, 49.7496321], [6.1559884, 49.7496405], [6.1560125, 49.7496496], [6.1560505, 49.7496614], [6.15607, 49.7496693], [6.1560857, 49.7496817], [6.1561043, 49.7496946], [6.15612, 49.7497003], [6.1561552, 49.7497065], [6.1562025, 49.7497149], [6.1562266, 49.7497228], [6.1562349, 49.749729], [6.156247, 49.7497431], [6.1562627, 49.7497532], [6.1562905, 49.7497589], [6.1563165, 49.7497639], [6.1563258, 49.7497735], [6.1563443, 49.7497927], [6.156373, 49.7498034], [6.1564036, 49.7498129], [6.1564407, 49.7498242], [6.1564527, 49.7498338], [6.1564764, 49.7498496], [6.1565366, 49.74988], [6.1566302, 49.7499166], [6.1566895, 49.7499397], [6.156759, 49.7499707], [6.1567906, 49.7499916], [6.1568202, 49.7500192], [6.1568582, 49.7500665], [6.1568879, 49.750098], [6.1569147, 49.7501149], [6.1569527, 49.7501313], [6.1570042, 49.7501487], [6.1572312, 49.7502242], [6.1574435, 49.7503009], [6.1575515, 49.7503409], [6.1576089, 49.7503662], [6.1577507, 49.7504394], [6.1578295, 49.75048], [6.1578833, 49.7505037], [6.1579055, 49.750511], [6.1579324, 49.750515], [6.1579528, 49.75052], [6.1579713, 49.7505268], [6.1580116, 49.7505493], [6.1580385, 49.7505611], [6.158058, 49.7505645], [6.1580867, 49.7505662], [6.1581321, 49.7505707], [6.1581608, 49.7505797], [6.1581961, 49.7505927], [6.1582155, 49.7506023], [6.1582693, 49.7506175], [6.1583184, 49.7506321], [6.1583648, 49.7506558], [6.1583907, 49.7506733], [6.1584, 49.7506845], [6.1584037, 49.7506964], [6.1584046, 49.7507138], [6.1584083, 49.7507476], [6.158419, 49.7507707], [6.1584347, 49.7507904], [6.158469, 49.7508113], [6.1585042, 49.7508349], [6.1585608, 49.7508609], [6.158583, 49.7508755], [6.158595, 49.7509133], [6.1586034, 49.750924], [6.1586127, 49.750933], [6.1586303, 49.750942], [6.1586395, 49.7509493], [6.1586442, 49.750964], [6.1586557, 49.750978], [6.158691, 49.7510017], [6.1587012, 49.7510135], [6.1587067, 49.7510332], [6.1587123, 49.7510479], [6.1587243, 49.751062], [6.1587475, 49.7510755], [6.1587707, 49.7510851], [6.1588411, 49.7511008], [6.1589417, 49.7511228], [6.1589681, 49.7511384], [6.1587816, 49.7513073], [6.1586555, 49.7514614], [6.158583, 49.7515859], [6.1585252, 49.7517772], [6.1584708, 49.7520041], [6.158431, 49.7522421], [6.158408, 49.7525054], [6.1584163, 49.752668], [6.1584588, 49.7528568], [6.1585368, 49.7530431], [6.1586447, 49.7532014], [6.1588757, 49.7534338], [6.1588027, 49.7534169], [6.1583291, 49.753292], [6.157877, 49.7531777], [6.1573309, 49.7530464], [6.156529, 49.7528702], [6.1565176, 49.7528853], [6.1553331, 49.7525682], [6.1551632, 49.7525229], [6.1536973, 49.7521327], [6.1520955, 49.751699], [6.1519577, 49.7516618], [6.1508206, 49.7513551], [6.1495801, 49.7510204], [6.1495596, 49.7510149], [6.1495642, 49.7510082], [6.149763, 49.7507184], [6.1499507, 49.7504448], [6.1500404, 49.7503138], [6.1502006, 49.7500803], [6.1503581, 49.7498508], [6.1504897, 49.7496589], [6.1500257, 49.7493429], [6.1490431, 49.7490106], [6.1485125, 49.7488357], [6.1480863, 49.7487801], [6.1474393, 49.7488316], [6.1468962, 49.7494631], [6.1464562, 49.7500053], [6.1462406, 49.7502709], [6.1461808, 49.7503446], [6.1459222, 49.7505861], [6.145298, 49.751169], [6.145243, 49.7512147], [6.1450075, 49.7514108], [6.1448078, 49.7515771], [6.1443429, 49.7518237], [6.1439704, 49.7520249], [6.1438878, 49.7520725], [6.1438383, 49.7521023], [6.1437249, 49.7521764], [6.1436004, 49.7522707], [6.143313, 49.7525044], [6.1427492, 49.7529565], [6.1419254, 49.7536109], [6.1417116, 49.7537683], [6.1417012, 49.7537757], [6.1417805, 49.7537822], [6.1418562, 49.7537978], [6.141961, 49.753822], [6.1420094, 49.7538429], [6.1420413, 49.7538644], [6.1420786, 49.7539015], [6.142178, 49.7540225], [6.1422924, 49.7541332], [6.142327, 49.7541628], [6.1423407, 49.7541805], [6.1423635, 49.7542364], [6.1423831, 49.7542665], [6.1424095, 49.7542923], [6.1424359, 49.7543036], [6.1425983, 49.754338], [6.142839, 49.7543982], [6.1428892, 49.7544025], [6.1429945, 49.7544063], [6.1430629, 49.7543994], [6.1431441, 49.7543816], [6.1432015, 49.7543817], [6.1432681, 49.7543924], [6.1433128, 49.754415], [6.1433273, 49.7544349], [6.1433228, 49.7544515], [6.1432881, 49.7544789], [6.1431996, 49.7545284], [6.143164, 49.7545633], [6.1431517, 49.7546074], [6.1431635, 49.754638], [6.1431954, 49.7546649], [6.143241, 49.7546826], [6.1432848, 49.7546923], [6.1433897, 49.7546907], [6.143511, 49.7546886], [6.1435703, 49.7546977], [6.143604, 49.7547144], [6.1436286, 49.7547423], [6.1436532, 49.7547816], [6.1437002, 49.7548111], [6.1437731, 49.7548477], [6.1438187, 49.7548805], [6.1438789, 49.7549294], [6.1439482, 49.7549724], [6.1440051, 49.7549945], [6.1440845, 49.7549982], [6.1442231, 49.7550015], [6.1443325, 49.7550182], [6.1444255, 49.7550488], [6.1445149, 49.755087], [6.14456, 49.7550972], [6.1446385, 49.7551241], [6.1447479, 49.7551687], [6.1448424, 49.7552112], [6.144919, 49.7552693], [6.1449619, 49.755308], [6.1450325, 49.7554036], [6.1451519, 49.7555332], [6.1452048, 49.7555751], [6.1452545, 49.7556052], [6.1454408, 49.7556956], [6.1456086, 49.7557585], [6.1458074, 49.7558204], [6.1460273, 49.7558885], [6.1463118, 49.7559783], [6.1463596, 49.7559891], [6.1464362, 49.7559875], [6.1464663, 49.7559945], [6.1464983, 49.7560074], [6.146532, 49.7560187], [6.1465612, 49.7560224], [6.146625, 49.7560165], [6.1466861, 49.7560106], [6.1467217, 49.7560155], [6.1467664, 49.7560348], [6.1467977, 49.7560672], [6.1468203, 49.7561006], [6.1468324, 49.7561837], [6.146839, 49.7562397], [6.1468488, 49.7562965], [6.146871, 49.7563311], [6.1469248, 49.7563703], [6.1471866, 49.756482], [6.1474191, 49.7565707], [6.1475631, 49.7566171], [6.1476926, 49.7566434], [6.1477701, 49.7566542], [6.1478905, 49.756659], [6.1479443, 49.7566644], [6.1480014, 49.756681], [6.1480561, 49.7567062], [6.148114, 49.7567369], [6.1481869, 49.7567901], [6.1483473, 49.7568993], [6.1484357, 49.756931], [6.1485461, 49.7569499], [6.1486944, 49.7569723], [6.1487765, 49.756996], [6.1488881, 49.7570407], [6.1490171, 49.7570859], [6.1491599, 49.7571363], [6.1492292, 49.7571669], [6.1492592, 49.7571904], [6.149293, 49.7572218], [6.1494476, 49.7573131], [6.1495351, 49.7573529], [6.149602, 49.757367], [6.1496686, 49.7573756], [6.1498023, 49.7573949], [6.1498981, 49.7574153], [6.1499703, 49.7574339], [6.1500657, 49.7574396], [6.1501195, 49.7574488], [6.1501724, 49.7574735], [6.150218, 49.7575015], [6.1502948, 49.757568], [6.1503721, 49.7576036], [6.1504838, 49.7576504], [6.1506084, 49.757711], [6.150799, 49.7577911], [6.150893, 49.7578244], [6.1509823, 49.7578481], [6.151038, 49.7578572], [6.1510744, 49.7578577], [6.1511077, 49.7578486], [6.1512126, 49.7577691], [6.151271, 49.7577374], [6.1513233, 49.7577187], [6.1513753, 49.7577182], [6.1514236, 49.7577246], [6.1514616, 49.7577455], [6.1514963, 49.7577767], [6.1515358, 49.7578714], [6.151556, 49.7579207], [6.1516028, 49.7579686], [6.1516329, 49.7579912], [6.1516882, 49.7580212], [6.1517693, 49.7580416], [6.1518938, 49.7580647], [6.1520406, 49.7580895], [6.1521492, 49.7581169], [6.1523243, 49.7581755], [6.1523172, 49.7581826], [6.1522569, 49.758244], [6.1521874, 49.7583148], [6.1521213, 49.7583831], [6.1518456, 49.7586684], [6.1510606, 49.7588678], [6.1503927, 49.7587226], [6.1499825, 49.7585857], [6.1499093, 49.7585613], [6.1498218, 49.7585321], [6.1487846, 49.7581674], [6.1482858, 49.7579466], [6.1481983, 49.7579079], [6.147985, 49.7578411], [6.1478567, 49.7578009], [6.147789, 49.7577828], [6.1476828, 49.7577544], [6.1473951, 49.7576775], [6.147066, 49.7576271], [6.1466718, 49.7575667], [6.1461689, 49.7574967], [6.1460193, 49.7574759], [6.1455868, 49.7574123], [6.1454915, 49.7574105], [6.1449281, 49.7573995], [6.1442909, 49.7574647], [6.1442771, 49.7575659], [6.1442682, 49.7576315], [6.1442748, 49.7576525], [6.1444472, 49.7576586], [6.1445898, 49.7576755], [6.1447252, 49.7577022], [6.1448709, 49.7577433], [6.145628, 49.7579913], [6.145785, 49.7580736], [6.1461481, 49.7582659], [6.1467663, 49.7585896], [6.1471465, 49.7587807], [6.1471657, 49.7588194], [6.1472511, 49.7590177], [6.1474486, 49.759474], [6.147322, 49.7596207], [6.1471838, 49.7597601], [6.1471656, 49.759775], [6.1470558, 49.7598625], [6.1470175, 49.7598907], [6.1468244, 49.7600099], [6.1468751, 49.7600266], [6.1469517, 49.7602221], [6.1469597, 49.7602427], [6.1469982, 49.760386], [6.1470015, 49.7603981], [6.147024, 49.7604912], [6.147024, 49.7605214], [6.1470091, 49.7605732], [6.1469843, 49.7606594], [6.1469573, 49.7607535], [6.1467426, 49.7613422], [6.1467723, 49.7613548], [6.1468103, 49.7613709], [6.147876, 49.7618223], [6.1475692, 49.7621499], [6.1475188, 49.7622024], [6.1473803, 49.7623469], [6.1472007, 49.7625391], [6.1471672, 49.7625751], [6.1470159, 49.7627373], [6.1481011, 49.7634133], [6.1485825, 49.7637189], [6.1486258, 49.7637464], [6.1486794, 49.7637804], [6.1487264, 49.7638103], [6.1488541, 49.7638913], [6.1497239, 49.7644435], [6.1502972, 49.7648087], [6.1509358, 49.7652291], [6.1511127, 49.7653456], [6.1500023, 49.7662497], [6.1500993, 49.7662993], [6.1501802, 49.7663406], [6.1504111, 49.7664586], [6.1505405, 49.7665247], [6.150705, 49.7666088], [6.1513269, 49.7661665], [6.1520638, 49.7656383], [6.1521353, 49.7656812], [6.1524023, 49.7658414], [6.1518153, 49.7663104], [6.1520476, 49.7664648], [6.1521374, 49.7665244], [6.1512927, 49.7671795], [6.1505117, 49.7677984], [6.1507213, 49.7678794], [6.1511375, 49.7680402], [6.1515841, 49.7682129], [6.1516074, 49.7682217], [6.1521995, 49.7679159], [6.1522286, 49.7679279], [6.1533335, 49.7684249], [6.1541715, 49.7688064], [6.1543597, 49.7688921], [6.154619, 49.7690101], [6.1544293, 49.7691584], [6.1544096, 49.7691737], [6.1543006, 49.769259], [6.1542417, 49.769305], [6.1542081, 49.7693313], [6.1540959, 49.769419], [6.1539398, 49.769541], [6.1539201, 49.7695565], [6.1538975, 49.7695768], [6.153789, 49.7696746], [6.1537737, 49.7696884], [6.1537177, 49.7697388], [6.1536389, 49.7698098], [6.1536317, 49.7698163], [6.1535771, 49.7698679], [6.1535019, 49.769939], [6.1534803, 49.7699594], [6.1534376, 49.7699997], [6.1533321, 49.7700994], [6.1532084, 49.7702162], [6.1531916, 49.7702321], [6.1531072, 49.7703119], [6.1530302, 49.7703832], [6.1528797, 49.7705226], [6.1528178, 49.7705798], [6.1526751, 49.770712], [6.1524854, 49.7708811], [6.1523672, 49.7709864], [6.1522768, 49.7710782], [6.1519957, 49.7714247], [6.1519258, 49.7715126], [6.1518608, 49.7715959], [6.1517881, 49.7716891], [6.151689, 49.7718338], [6.1515682, 49.7720104], [6.1515201, 49.7720779], [6.1512933, 49.7723964], [6.1511981, 49.7725302], [6.1511089, 49.7725066], [6.1502662, 49.7722876], [6.14941, 49.7719966], [6.1493536, 49.7719771], [6.1492986, 49.7726284], [6.149255, 49.773146], [6.1492085, 49.773698], [6.1491636, 49.77423], [6.1491405, 49.774504], [6.1491072, 49.7748996], [6.1490626, 49.7754285], [6.1490035, 49.7761287], [6.1483389, 49.7767354], [6.1480671, 49.776972], [6.1478937, 49.7770586], [6.1478044, 49.7770895], [6.1468747, 49.7773244], [6.1467014, 49.7773913], [6.1469226, 49.7775768], [6.1471621, 49.7777777], [6.1475362, 49.7780584], [6.1475559, 49.7780731], [6.1474692, 49.7781319], [6.1473681, 49.7782448], [6.1472656, 49.7783236], [6.1471605, 49.7783994], [6.147087, 49.7785015], [6.1468978, 49.7787133], [6.1467717, 49.7787411], [6.1466969, 49.7787814], [6.1465314, 49.7789267], [6.1463816, 49.7790257], [6.1461465, 49.7794061], [6.1457733, 49.7798654], [6.1453464, 49.7803958], [6.1450926, 49.7807054], [6.1449933, 49.7806408], [6.1447746, 49.7808905], [6.1447452, 49.7809226], [6.1447156, 49.780955], [6.1443015, 49.7814072], [6.1442148, 49.7815018], [6.1441447, 49.7814891], [6.1436309, 49.781396], [6.1424816, 49.7811878], [6.1422263, 49.780989], [6.1418922, 49.7807289], [6.1411377, 49.7801324], [6.1406194, 49.7803859], [6.1409606, 49.7807713], [6.141016, 49.7808668], [6.1410426, 49.7809333], [6.1410529, 49.7809841], [6.1410549, 49.7810554], [6.1410476, 49.7811086], [6.1409265, 49.7812718], [6.1407077, 49.7816138], [6.1406172, 49.7819148], [6.1405812, 49.7820127], [6.140536, 49.7820937], [6.1404867, 49.7821577], [6.1404108, 49.7822351], [6.1402691, 49.7823608], [6.1400485, 49.7824701], [6.1397424, 49.7826217], [6.1397465, 49.7827371], [6.1397522, 49.7828985], [6.1397576, 49.7830497], [6.1397903, 49.7832927], [6.1398711, 49.7836807], [6.1399807, 49.7841703], [6.1400698, 49.7845124], [6.1402758, 49.7850347], [6.1404203, 49.7853768], [6.1394802, 49.7850708], [6.1393156, 49.7852063], [6.1387358, 49.7856907], [6.1378139, 49.7851977], [6.1375335, 49.7855301], [6.1371422, 49.7860038], [6.1367344, 49.7865005], [6.1363471, 49.7869755], [6.1360277, 49.7873647], [6.1356404, 49.7878348], [6.135247, 49.7883134], [6.1348576, 49.7887775], [6.1345341, 49.7891763], [6.1341447, 49.7896476], [6.1337882, 49.7900815], [6.1333973, 49.7905691], [6.1332371, 49.7905489], [6.1331283, 49.7905192], [6.1331013, 49.7904917], [6.1330761, 49.790479], [6.1330491, 49.7904715], [6.1329699, 49.7904683], [6.1328512, 49.7903888], [6.1327504, 49.790322], [6.1327199, 49.7902648], [6.1327451, 49.790233], [6.1327451, 49.7901949], [6.1326822, 49.7901747], [6.1326003, 49.7901874], [6.1324365, 49.7901969], [6.1322979, 49.7901862], [6.1321108, 49.7901554], [6.1319452, 49.7901437], [6.1317544, 49.7901267], [6.1315961, 49.7901055], [6.1315052, 49.7900874], [6.1314386, 49.7900525], [6.1313757, 49.7899941], [6.1312911, 49.7899666], [6.1307386, 49.7899749], [6.1307277, 49.7900777], [6.1306341, 49.790066], [6.1305784, 49.7900109], [6.1305244, 49.7900108], [6.1303777, 49.79005], [6.1302211, 49.7900754], [6.1300033, 49.7901018], [6.1298683, 49.7901124], [6.1297819, 49.7900996], [6.1296506, 49.7900657], [6.1291549, 49.7898175], [6.1289373, 49.7896786], [6.1287124, 49.7895683], [6.1286279, 49.7895174], [6.1285604, 49.7894581], [6.1285101, 49.7893701], [6.1284561, 49.789333], [6.128314, 49.7893064], [6.1281844, 49.7892947], [6.1280945, 49.7892523], [6.1279829, 49.7892067], [6.1278228, 49.7891611], [6.127749, 49.7891526], [6.1275879, 49.7891695], [6.1275357, 49.7891684], [6.1274116, 49.7891387], [6.1272856, 49.7890846], [6.1271866, 49.789074], [6.1270661, 49.7891047], [6.1270174, 49.7891078], [6.1269095, 49.789093], [6.1266738, 49.7889752], [6.1266136, 49.7889371], [6.1265704, 49.7888915], [6.1265111, 49.788813], [6.126369, 49.7887356], [6.1262952, 49.7887134], [6.1261728, 49.788691], [6.1261045, 49.7886402], [6.1259498, 49.788602], [6.1258949, 49.7885744], [6.1258068, 49.7885033], [6.1257834, 49.7884949], [6.1256484, 49.78848], [6.1256214, 49.7884683], [6.1255854, 49.788446], [6.1254955, 49.7883602], [6.1253948, 49.7882806], [6.1253409, 49.7882488], [6.1252635, 49.788217], [6.1250971, 49.7881862], [6.1249099, 49.7881448], [6.1242802, 49.787974], [6.1240238, 49.787905], [6.1238924, 49.7878848], [6.1237683, 49.7878742], [6.1235937, 49.7878688], [6.1234156, 49.7878571], [6.1233004, 49.7878592], [6.1232536, 49.7878623], [6.1231132, 49.7878983], [6.1229179, 49.7879576], [6.1226802, 49.788037], [6.1224948, 49.7881079], [6.1218935, 49.7883302], [6.1214895, 49.788364], [6.1214318, 49.7883872], [6.1211798, 49.788527], [6.1211239, 49.7885556], [6.1210232, 49.7884687], [6.1208955, 49.7883828], [6.1207503, 49.788293], [6.1206731, 49.7883358], [6.1205705, 49.7883704], [6.1204198, 49.7883964], [6.1203293, 49.7884114], [6.1202749, 49.7884158], [6.1202863, 49.788427], [6.1203115, 49.7884885], [6.1203581, 49.7886422], [6.120403, 49.7887175], [6.1204848, 49.7888203], [6.120661, 49.7890111], [6.1207185, 49.7890991], [6.1207625, 49.7891998], [6.1207768, 49.7893079], [6.1207632, 49.7894522], [6.1206974, 49.7894605], [6.1199739, 49.7895503], [6.1201147, 49.7899996], [6.1201918, 49.7902996], [6.1202043, 49.7903791], [6.1202132, 49.7904818], [6.1202185, 49.7906588], [6.1202236, 49.7909153], [6.1201972, 49.791213], [6.1199697, 49.7911462], [6.1198625, 49.7911147], [6.1198068, 49.7910984], [6.119247, 49.7909495], [6.1191258, 49.7909191], [6.1188397, 49.790849], [6.1185068, 49.7907747], [6.1180327, 49.790677], [6.1176926, 49.7906207], [6.1175918, 49.7906111], [6.1175252, 49.790609], [6.1174694, 49.7906174], [6.1174352, 49.7906396], [6.1174233, 49.7906504], [6.1173289, 49.790736], [6.1172731, 49.7907763], [6.1172082, 49.7908027], [6.1171344, 49.790825], [6.1170795, 49.7908281], [6.1169482, 49.7907783], [6.1164552, 49.7907017], [6.1160953, 49.7906263], [6.1158803, 49.790587], [6.1157687, 49.7905679], [6.1156373, 49.7905594], [6.1155383, 49.7905657], [6.115038, 49.7906206], [6.1149183, 49.7906269], [6.1148355, 49.790629], [6.1147527, 49.7906204], [6.1146628, 49.790595], [6.1145386, 49.7905758], [6.1144648, 49.7905673], [6.1143766, 49.7905694], [6.1140094, 49.790636], [6.1137691, 49.7906507], [6.1136594, 49.7906496], [6.1135712, 49.7906326], [6.113483, 49.7906082], [6.1132887, 49.7905255], [6.1131628, 49.7904809], [6.1130045, 49.7904321], [6.1126239, 49.790346], [6.1124566, 49.7903036], [6.1121544, 49.7902059], [6.112059, 49.7901805], [6.1119709, 49.790156], [6.1118197, 49.7901358], [6.1116245, 49.7901241], [6.1114751, 49.7901293], [6.1112933, 49.7901398], [6.1112249, 49.7901303], [6.1110846, 49.7901016], [6.1108813, 49.7900421], [6.110633, 49.7899371], [6.110517, 49.7898915], [6.1103695, 49.7898564], [6.1102129, 49.7898309], [6.1098405, 49.7897884], [6.1094608, 49.7897119], [6.1093133, 49.7896736], [6.1091837, 49.7896354], [6.1091091, 49.7895951], [6.1089635, 49.7894806], [6.1088609, 49.7894244], [6.1087998, 49.7893957], [6.1086774, 49.7893861], [6.1084525, 49.789314], [6.108301, 49.7893011], [6.1082416, 49.7892979], [6.1081912, 49.7892862], [6.1081553, 49.7892639], [6.1081247, 49.7892162], [6.1080906, 49.7891717], [6.1080546, 49.7891516], [6.1079899, 49.7891441], [6.1078945, 49.7891441], [6.1078637, 49.7893168], [6.1078555, 49.7893825], [6.1078464, 49.7895117], [6.1078458, 49.789979], [6.1078609, 49.7901136], [6.1078512, 49.7907313], [6.107851, 49.7908786], [6.1075008, 49.791242], [6.1074745, 49.7912687], [6.1071654, 49.7911451], [6.1063406, 49.7908334], [6.1049889, 49.7903209], [6.103542, 49.7897617], [6.102836, 49.7894911], [6.1023172, 49.7892725], [6.1016914, 49.7889781], [6.1014637, 49.7888632], [6.101354, 49.7888186], [6.1011239, 49.7887226], [6.1009854, 49.7886651], [6.1006266, 49.7885148], [6.1006471, 49.7884873], [6.1006568, 49.7884738], [6.1006839, 49.7884403], [6.1006961, 49.7884252], [6.1007227, 49.7883924], [6.10077, 49.788334], [6.1007813, 49.78832], [6.1008145, 49.7882791], [6.1009249, 49.7881285], [6.100929, 49.7881231], [6.1010774, 49.7879316], [6.1004479, 49.7876783], [6.1000895, 49.7875348], [6.0998585, 49.7874424], [6.0990095, 49.7870772], [6.0979794, 49.7866342], [6.0977607, 49.7865401], [6.0976946, 49.7864277], [6.0976596, 49.786312], [6.0976613, 49.786162], [6.0976997, 49.7859671], [6.0977309, 49.7858624], [6.0977615, 49.7857754], [6.0978142, 49.7856016], [6.0979183, 49.7852712], [6.0979088, 49.78524], [6.09788, 49.7852292], [6.0977723, 49.7851528], [6.097786, 49.7851031], [6.0977861, 49.7851028], [6.0978315, 49.7849383], [6.0973461, 49.784781], [6.097343, 49.78478], [6.0971916, 49.7847324], [6.096208, 49.784439], [6.0964336, 49.7841272], [6.0971737, 49.7830339], [6.097337, 49.7827926], [6.0969092, 49.7826957], [6.096845, 49.7828005], [6.0965495, 49.7832978], [6.096068, 49.7831503], [6.0964198, 49.7824987], [6.09657, 49.7822378], [6.0967629, 49.7818914], [6.0969199, 49.781631], [6.0970114, 49.7814641], [6.0970687, 49.7813511], [6.0972069, 49.781021], [6.0972444, 49.7809322], [6.0973774, 49.7809143], [6.097503, 49.7809171], [6.0976163, 49.7809171], [6.0977377, 49.7809246], [6.0978277, 49.7809331], [6.0979266, 49.7809364], [6.0980147, 49.7809311], [6.0981137, 49.7809153], [6.0982271, 49.7808931], [6.0983207, 49.7808699], [6.0983926, 49.7808657], [6.098452, 49.7808657], [6.0985491, 49.7808774], [6.0986301, 49.7808806], [6.0987326, 49.7808775], [6.0988585, 49.7808691], [6.0990145, 49.780851], [6.0991552, 49.7808202], [6.0992681, 49.7808277], [6.0993137, 49.7808307], [6.0993307, 49.780836], [6.09941, 49.7807292], [6.099393, 49.780722], [6.0993906, 49.7807209], [6.0991962, 49.7806303], [6.0989316, 49.7805145], [6.098892, 49.7804833], [6.0988723, 49.7804525], [6.0988462, 49.7804324], [6.0988022, 49.7804117], [6.0987194, 49.7803883], [6.0986493, 49.7803634], [6.0985828, 49.780331], [6.0985383, 49.780295], [6.0985176, 49.7802642], [6.0985024, 49.780233], [6.0984782, 49.7801884], [6.0984377, 49.7801492], [6.0983798, 49.7800936], [6.0980397, 49.7797972], [6.0978793, 49.7796631], [6.097654, 49.7794782], [6.0975882, 49.7794276], [6.0975494, 49.7793859], [6.0974595, 49.7792741], [6.0973918, 49.7791971], [6.0973332, 49.7791376], [6.0971938, 49.779001], [6.0970945, 49.7789046], [6.0969876, 49.7788086], [6.0968865, 49.7787259], [6.096786, 49.778651], [6.0967102, 49.7785994], [6.0966281, 49.7785488], [6.0965145, 49.7784909], [6.0964609, 49.7784625], [6.0964392, 49.7784525], [6.0963797, 49.7784314], [6.096052, 49.7783374], [6.0952845, 49.7781309], [6.0945674, 49.7779349], [6.0944554, 49.7779044], [6.0941986, 49.7778346], [6.0940599, 49.7777964], [6.0936661, 49.7776879], [6.0935355, 49.7776519], [6.0933034, 49.777588], [6.0928307, 49.7774514], [6.0927265, 49.7774308], [6.0922338, 49.7773495], [6.0917457, 49.7772575], [6.0913165, 49.7771539], [6.0911482, 49.7771144], [6.0909662, 49.7770717], [6.0907605, 49.7770235], [6.0905947, 49.7769841], [6.0904365, 49.7769472], [6.0902421, 49.7769019], [6.0897892, 49.7768108], [6.089765, 49.7768055], [6.0895853, 49.7767667], [6.0893921, 49.776725], [6.0892167, 49.7766826], [6.0890607, 49.7766449], [6.0889255, 49.7766101], [6.0887746, 49.7765712], [6.0886488, 49.7765347], [6.0883529, 49.7764487], [6.0882027, 49.7764087], [6.088029, 49.7763624], [6.0876125, 49.7762458], [6.0865029, 49.7759362], [6.0863868, 49.7759019], [6.0863804, 49.7758831], [6.085184, 49.7755744], [6.0851251, 49.7755527], [6.0846974, 49.7754382], [6.0843715, 49.7753094], [6.0842492, 49.7752698], [6.0842405, 49.775267], [6.0838926, 49.775158], [6.0828912, 49.7748528], [6.0825689, 49.7747554], [6.0825267, 49.7747403], [6.0824818, 49.7747246], [6.0826717, 49.7745801], [6.0825352, 49.7745695], [6.0821959, 49.7744717], [6.0819211, 49.7743839], [6.0816575, 49.7742879], [6.0815061, 49.7742167], [6.0810661, 49.7739768], [6.0807297, 49.7738112], [6.0805671, 49.7737252], [6.0803849, 49.7736193], [6.080214, 49.7735002], [6.0800683, 49.7733827], [6.079854, 49.7731727], [6.079686, 49.772999], [6.0795649, 49.7728601], [6.0794249, 49.7727047], [6.0792947, 49.772579], [6.0791245, 49.7724293], [6.0789564, 49.7722697], [6.0788962, 49.7721977], [6.0788186, 49.7720779], [6.0787641, 49.7719712], [6.0787334, 49.771882], [6.0787216, 49.7718349], [6.0787016, 49.7715977], [6.0786866, 49.7714051], [6.078653, 49.7709523], [6.0786318, 49.770673], [6.0785894, 49.7704507], [6.0785442, 49.7702259], [6.0785122, 49.7700821], [6.0783311, 49.7694134], [6.0781864, 49.7689597], [6.0780968, 49.7686786], [6.0786937, 49.7678949], [6.0784532, 49.7678311], [6.0782541, 49.7677921], [6.0780957, 49.7677614], [6.0778734, 49.7677249], [6.0776308, 49.76769], [6.0773855, 49.7676587], [6.0773183, 49.7676503], [6.0773426, 49.7674082], [6.0772952, 49.7674243], [6.0772559, 49.7674338], [6.0772047, 49.7674428], [6.0771465, 49.7674444], [6.0770897, 49.7674345], [6.0770784, 49.7674365], [6.0770602, 49.7674439], [6.076997, 49.7674621], [6.076955, 49.7674678], [6.0768999, 49.7674682], [6.0768754, 49.767469], [6.0767968, 49.7674822], [6.0766459, 49.7675126], [6.0765989, 49.7675159], [6.0765435, 49.7675138], [6.0764755, 49.7675141], [6.0764278, 49.7675162], [6.076391, 49.7675265], [6.0763566, 49.7675363], [6.0762983, 49.7675532], [6.0762668, 49.7675569], [6.0762436, 49.7675573], [6.076205, 49.7675565], [6.0761735, 49.7675573], [6.07613, 49.7675614], [6.0761054, 49.7675696], [6.0760774, 49.7675824], [6.0760265, 49.7676175], [6.0759513, 49.7676877], [6.0759155, 49.7677141], [6.075874, 49.7677343], [6.075827, 49.767745], [6.0756822, 49.7677482], [6.075638, 49.767756], [6.0756001, 49.7677659], [6.0755446, 49.7677993], [6.0754962, 49.7678327], [6.0754555, 49.7678546], [6.0754126, 49.7678719], [6.0753825, 49.7678789], [6.0753344, 49.7678793], [6.075298, 49.767876], [6.0752622, 49.7678759], [6.0752348, 49.7678825], [6.0752067, 49.7678978], [6.0751702, 49.7679176], [6.0750832, 49.7679592], [6.0750221, 49.7679861], [6.0749828, 49.7679918], [6.074945, 49.767993], [6.0749092, 49.7679835], [6.0748959, 49.7679806], [6.0748885, 49.7679826], [6.0748709, 49.7680004], [6.0748428, 49.7680231], [6.0747895, 49.7680495], [6.0747488, 49.7680594], [6.0746527, 49.7680593], [6.0746246, 49.7680618], [6.0745917, 49.7680684], [6.0745573, 49.7680857], [6.0745257, 49.7680972], [6.0744317, 49.7681075], [6.0743791, 49.7681153], [6.0743552, 49.7681256], [6.0743278, 49.7681487], [6.0743004, 49.7681772], [6.0742702, 49.7682003], [6.0742439, 49.7682135], [6.0742228, 49.768218], [6.0741849, 49.7682192], [6.0741534, 49.7682233], [6.0741028, 49.7682394], [6.074065, 49.7682431], [6.0740102, 49.7682513], [6.0739702, 49.7682583], [6.0739401, 49.7682728], [6.0739267, 49.7682864], [6.0739302, 49.7683079], [6.0739386, 49.7683215], [6.0739455, 49.7683376], [6.0739448, 49.7683504], [6.0739441, 49.7683699], [6.0739398, 49.768381], [6.073924, 49.768393], [6.073896, 49.7684], [6.0738588, 49.7684028], [6.0738251, 49.7684012], [6.0737978, 49.7684049], [6.0737549, 49.76843], [6.0737058, 49.7684696], [6.0736882, 49.7684762], [6.0736728, 49.7684746], [6.0736609, 49.7684671], [6.0736448, 49.7684601], [6.0736293, 49.7684601], [6.0736044, 49.7684708], [6.0735883, 49.768491], [6.0735874, 49.7685489], [6.0735888, 49.7685811], [6.0735803, 49.7685939], [6.0735628, 49.768605], [6.0735123, 49.7686145], [6.0734358, 49.7685963], [6.073399, 49.7685921], [6.0733598, 49.7685941], [6.073324, 49.7686098], [6.0732699, 49.7686412], [6.0732362, 49.7686585], [6.0732088, 49.7686663], [6.0731843, 49.7686675], [6.0731527, 49.7686613], [6.0731317, 49.7686493], [6.0731233, 49.7686336], [6.0730946, 49.7686059], [6.0730799, 49.7686071], [6.0730525, 49.7686137], [6.0730385, 49.7686195], [6.0730237, 49.7686348], [6.0730174, 49.7686558], [6.0730138, 49.7686901], [6.0729959, 49.7687211], [6.0729776, 49.7687294], [6.0728661, 49.7687346], [6.0728317, 49.7687396], [6.072798, 49.768754], [6.0727776, 49.7687701], [6.0727551, 49.7688135], [6.072741, 49.7688316], [6.0727193, 49.7688436], [6.0726947, 49.7688502], [6.072666, 49.768846], [6.0726211, 49.7688406], [6.0725716, 49.7688468], [6.0725429, 49.7688538], [6.0725232, 49.7688653], [6.0724593, 49.7689128], [6.0724312, 49.7689285], [6.0724123, 49.768933], [6.0723919, 49.7689288], [6.0723737, 49.7689259], [6.0723021, 49.7689499], [6.0722783, 49.7689478], [6.0722264, 49.7689266], [6.0722033, 49.76892], [6.0721885, 49.7689217], [6.072159, 49.7689377], [6.0721264, 49.7689547], [6.0721032, 49.7689642], [6.072019, 49.7689773], [6.072012, 49.7689951], [6.0720147, 49.7690228], [6.072007, 49.769036], [6.0719831, 49.7690508], [6.0719712, 49.769062], [6.0719683, 49.7690839], [6.0719494, 49.7690905], [6.0719284, 49.7690752], [6.0719179, 49.7690727], [6.0719073, 49.769076], [6.0718926, 49.7690896], [6.0718462, 49.7691044], [6.0718329, 49.7691102], [6.0718005, 49.7691424], [6.071771, 49.7691688], [6.0717306, 49.7691931], [6.0717025, 49.7692076], [6.0716562, 49.7692133], [6.0716211, 49.7692112], [6.0715777, 49.7692033], [6.0715265, 49.7691839], [6.0714957, 49.7691714], [6.0714732, 49.7691673], [6.0714529, 49.7691718], [6.0714241, 49.7691821], [6.0713946, 49.7691999], [6.0713686, 49.7692205], [6.0713496, 49.7692498], [6.0713369, 49.7692833], [6.0713169, 49.7693184], [6.0712888, 49.7693531], [6.0712438, 49.7693931], [6.0711855, 49.7694331], [6.0711072, 49.7694694], [6.0709991, 49.7695251], [6.070851, 49.7695882], [6.0707608, 49.7696361], [6.0707292, 49.769655], [6.0707088, 49.769674], [6.0706955, 49.7696922], [6.0706933, 49.7697203], [6.0706891, 49.7697331], [6.0706743, 49.769743], [6.0705925, 49.7697619], [6.0705687, 49.7697722], [6.0705532, 49.7697855], [6.0705215, 49.7698532], [6.070506, 49.7698978], [6.0704803, 49.7699362], [6.0704614, 49.7699548], [6.0704157, 49.7699787], [6.0703301, 49.7700104], [6.070295, 49.7700282], [6.0702458, 49.7700649], [6.0701991, 49.7700959], [6.0701472, 49.7701202], [6.069976, 49.7701659], [6.0699093, 49.7701886], [6.0698623, 49.7701972], [6.0698209, 49.7701955], [6.0697648, 49.7701909], [6.069729, 49.7701975], [6.0697037, 49.7702095], [6.0696721, 49.7702235], [6.0696283, 49.7702305], [6.0695666, 49.770237], [6.0695476, 49.7702478], [6.0695272, 49.7702688], [6.0695033, 49.7702895], [6.0694738, 49.7703072], [6.0694303, 49.7703233], [6.0693903, 49.7703323], [6.069338, 49.7703356], [6.0693016, 49.7703405], [6.0692735, 49.7703533], [6.0692363, 49.7703772], [6.0691815, 49.7704061], [6.0691261, 49.770416], [6.0690707, 49.7704172], [6.0690258, 49.7704109], [6.0689935, 49.7703993], [6.0689634, 49.7703803], [6.0689529, 49.7703696], [6.0689281, 49.7703324], [6.0689134, 49.7703104], [6.068898, 49.7702993], [6.0688763, 49.7702951], [6.0688447, 49.7703005], [6.0687696, 49.7703297], [6.0687282, 49.7703392], [6.068658, 49.7703751], [6.068618, 49.7703937], [6.0685808, 49.7704073], [6.0685359, 49.7704134], [6.0685096, 49.7704088], [6.0684914, 49.7703919], [6.0684851, 49.770377], [6.0684999, 49.7703473], [6.0684999, 49.7703283], [6.0684894, 49.7703167], [6.0684789, 49.7703126], [6.0684565, 49.7703179], [6.0684221, 49.7703323], [6.0683575, 49.7703691], [6.0682985, 49.7703967], [6.0682571, 49.7704119], [6.0681918, 49.7704156], [6.0681196, 49.77043], [6.0680424, 49.7704378], [6.0679379, 49.7704435], [6.0678818, 49.7704521], [6.0678312, 49.7704674], [6.0678098, 49.7704839], [6.0677845, 49.7704975], [6.0677277, 49.7705111], [6.0677059, 49.7705193], [6.0676585, 49.7705829], [6.0676303, 49.7706234], [6.0676233, 49.7706362], [6.067612, 49.7706436], [6.0675692, 49.7706601], [6.0675468, 49.770672], [6.0675039, 49.7707096], [6.0674656, 49.7707397], [6.0673652, 49.77079], [6.0673224, 49.7708086], [6.0672782, 49.7708143], [6.067255, 49.7708271], [6.067248, 49.7708375], [6.0672613, 49.7708482], [6.0672809, 49.7708598], [6.0672809, 49.7708751], [6.0672689, 49.7708829], [6.0672468, 49.7708912], [6.0672335, 49.7709019], [6.0672384, 49.7709135], [6.0672453, 49.7709321], [6.0672404, 49.770944], [6.0672249, 49.7709527], [6.0671969, 49.7709519], [6.0671647, 49.7709411], [6.0671401, 49.7709411], [6.0671176, 49.7709551], [6.0670769, 49.7709761], [6.0670594, 49.7709807], [6.0670397, 49.7709757], [6.0670124, 49.770974], [6.0669983, 49.7709843], [6.0669885, 49.7710099], [6.0669758, 49.7710231], [6.0669337, 49.7710297], [6.0669035, 49.7710433], [6.0668835, 49.7710462], [6.0668681, 49.7710445], [6.0668408, 49.7710301], [6.0668148, 49.7710172], [6.0667826, 49.7710069], [6.0667328, 49.7709981], [6.0667111, 49.7709861], [6.066709, 49.7709725], [6.0667041, 49.7709572], [6.0666747, 49.7709419], [6.0666355, 49.7709348], [6.0665815, 49.7709311], [6.0665527, 49.7709348], [6.0664569, 49.7709611], [6.0663861, 49.770964], [6.0663545, 49.7709685], [6.0663201, 49.77098], [6.0662787, 49.7709994], [6.0662366, 49.771018], [6.0662078, 49.771027], [6.0661889, 49.7710291], [6.0661418, 49.771034], [6.0661222, 49.771041], [6.0661109, 49.7710583], [6.0660955, 49.7710703], [6.0660688, 49.7710744], [6.0660597, 49.7710794], [6.0660632, 49.7710922], [6.0660484, 49.7711058], [6.0660337, 49.7711103], [6.0660147, 49.7711083], [6.065999, 49.7711004], [6.0659647, 49.7710702], [6.0659437, 49.7710619], [6.0659135, 49.7710553], [6.0658953, 49.7710586], [6.0658882, 49.771066], [6.065898, 49.7710747], [6.065917, 49.7710801], [6.0659289, 49.7710962], [6.0659253, 49.7711049], [6.0658994, 49.7711135], [6.0658713, 49.7711259], [6.0658432, 49.7711354], [6.065813, 49.7711308], [6.0657899, 49.7711341], [6.0657723, 49.7711452], [6.0657534, 49.7711464], [6.0657338, 49.7711386], [6.0657261, 49.7711274], [6.0657373, 49.7711138], [6.0657437, 49.771101], [6.0657346, 49.7710906], [6.0657164, 49.7710869], [6.0656785, 49.7710935], [6.0656448, 49.7711121], [6.0656188, 49.7711133], [6.0656044, 49.7711046], [6.0655855, 49.7710947], [6.0655666, 49.7710909], [6.0655476, 49.771095], [6.0655371, 49.7711045], [6.0655357, 49.7711285], [6.0655272, 49.7711429], [6.0655118, 49.771152], [6.0654732, 49.7711499], [6.065455, 49.7711433], [6.0654459, 49.7711329], [6.0654515, 49.7711061], [6.0654445, 49.771092], [6.0654263, 49.7710887], [6.0654109, 49.7710904], [6.0653982, 49.7710974], [6.0654059, 49.7711056], [6.0654136, 49.7711197], [6.065415, 49.7711379], [6.0654073, 49.7711478], [6.0653925, 49.7711515], [6.0652859, 49.7711493], [6.0652108, 49.7711517], [6.065146, 49.7711583], [6.0651263, 49.7711645], [6.0650961, 49.7711764], [6.0650884, 49.7711851], [6.0650905, 49.7711975], [6.0651045, 49.7712103], [6.0650981, 49.7712182], [6.0650687, 49.7712227], [6.0650125, 49.7712235], [6.0649389, 49.7712077], [6.0648051, 49.7711592], [6.0647707, 49.7711497], [6.064729, 49.7711521], [6.06471, 49.7711583], [6.0646925, 49.7711736], [6.0646973, 49.7712096], [6.0646945, 49.7712244], [6.0646783, 49.7712356], [6.0646552, 49.7712426], [6.064632, 49.771243], [6.0646054, 49.7712384], [6.0645921, 49.7712322], [6.0645844, 49.7712206], [6.0645795, 49.7712066], [6.0645739, 49.7711975], [6.0645543, 49.7711908], [6.0645332, 49.7711892], [6.0645157, 49.7711962], [6.0645086, 49.7712119], [6.0644981, 49.7712222], [6.0644777, 49.7712308], [6.0644462, 49.7712345], [6.0644139, 49.7712316], [6.0643985, 49.7712233], [6.0643901, 49.7712093], [6.0643824, 49.7712006], [6.0643593, 49.7711915], [6.0643446, 49.771189], [6.0643109, 49.7711943], [6.0642782, 49.7712067], [6.0642417, 49.7712199], [6.0642031, 49.7712211], [6.0641828, 49.7712252], [6.0641625, 49.7712314], [6.0641435, 49.7712417], [6.0641238, 49.7712574], [6.0640663, 49.7712619], [6.0640382, 49.7712784], [6.0640073, 49.7712924], [6.0639884, 49.7712949], [6.0639476, 49.7713138], [6.063874, 49.771334], [6.063816, 49.7713583], [6.0637831, 49.7713641], [6.0637543, 49.7713653], [6.0637193, 49.7713599], [6.063673, 49.7713504], [6.06364, 49.7713474], [6.0636099, 49.7713507], [6.0635853, 49.7713573], [6.0635642, 49.7713705], [6.0635509, 49.7713907], [6.0635368, 49.7714006], [6.0635151, 49.7714052], [6.0634982, 49.7714031], [6.0634709, 49.7713903], [6.0634534, 49.7713741], [6.0634366, 49.7713349], [6.0634212, 49.7713187], [6.063396, 49.7713071], [6.0633732, 49.7713009], [6.0632659, 49.7712942], [6.0631951, 49.7712842], [6.0631776, 49.7712764], [6.0631685, 49.7712656], [6.0631804, 49.7712545], [6.0631819, 49.7712446], [6.0631756, 49.7712363], [6.0631546, 49.7712313], [6.0630816, 49.7712416], [6.06305, 49.7712432], [6.0630055, 49.7712366], [6.0629635, 49.7712183], [6.0629473, 49.7712142], [6.0629319, 49.7712129], [6.0629193, 49.7712175], [6.0629171, 49.7712253], [6.0629129, 49.7712385], [6.0629024, 49.7712431], [6.062882, 49.7712443], [6.0628624, 49.771243], [6.0628372, 49.7712335], [6.062819, 49.7712248], [6.0628085, 49.7712083], [6.0628022, 49.7711951], [6.0627903, 49.771188], [6.0627713, 49.7711851], [6.0627475, 49.7711876], [6.062737, 49.7711938], [6.0627285, 49.7712078], [6.0627152, 49.7712148], [6.0627004, 49.7712156], [6.0626647, 49.7712098], [6.0626366, 49.7712019], [6.0626184, 49.7711912], [6.0625988, 49.7711845], [6.0625644, 49.7711833], [6.0625322, 49.7711803], [6.0625182, 49.7711766], [6.062514, 49.7711622], [6.0625371, 49.771149], [6.0625239, 49.7711341], [6.0625109, 49.7711266], [6.0624239, 49.771115], [6.0624001, 49.7711125], [6.0623762, 49.7711158], [6.062358, 49.771124], [6.0623453, 49.7711413], [6.0623537, 49.7711537], [6.0623523, 49.771167], [6.0623445, 49.771176], [6.0623024, 49.7711892], [6.0621551, 49.7711924], [6.0621369, 49.7711907], [6.0621061, 49.7711758], [6.0620893, 49.7711692], [6.0620696, 49.7711708], [6.0620542, 49.7711774], [6.0620359, 49.7711849], [6.0620121, 49.7711881], [6.0619952, 49.7711832], [6.0619756, 49.7711856], [6.0619167, 49.7711922], [6.0618984, 49.7711905], [6.0618872, 49.7711806], [6.0618873, 49.7711591], [6.0618887, 49.7711343], [6.0619028, 49.7711087], [6.0618958, 49.7710971], [6.0618734, 49.7710855], [6.0618454, 49.7710822], [6.0618201, 49.7710905], [6.061799, 49.7711161], [6.0617877, 49.7711466], [6.0617723, 49.7711631], [6.0617554, 49.7711697], [6.0617301, 49.771173], [6.0617035, 49.7711705], [6.0616825, 49.7711631], [6.0616545, 49.7711432], [6.0616306, 49.7711333], [6.0615984, 49.7711332], [6.0615577, 49.7711382], [6.0614805, 49.7711546], [6.0614398, 49.7711587], [6.0614033, 49.7711595], [6.0613725, 49.7711529], [6.0613262, 49.7711346], [6.0612618, 49.77109], [6.0612141, 49.7710949], [6.061186, 49.7710981], [6.0611678, 49.7710899], [6.061151, 49.7710907], [6.0611369, 49.7710981], [6.0611201, 49.7711014], [6.0610724, 49.771089], [6.0610529, 49.7710782], [6.0610451, 49.7710597], [6.0610561, 49.7710393], [6.0610357, 49.7710189], [6.0608972, 49.7709761], [6.0608626, 49.7709788], [6.0608579, 49.7709918], [6.0608799, 49.7710113], [6.0608735, 49.7710326], [6.060853, 49.771041], [6.06082, 49.7710391], [6.0607426, 49.7710336], [6.0606903, 49.771041], [6.0606405, 49.7710565], [6.0606011, 49.7710713], [6.0605271, 49.7710601], [6.0604784, 49.7710332], [6.0604359, 49.7710285], [6.0603918, 49.7710266], [6.060354, 49.7710034], [6.0602195, 49.7709578], [6.0601346, 49.7709225], [6.0600859, 49.7708928], [6.0600465, 49.7708853], [6.0600276, 49.7708983], [6.0599929, 49.770915], [6.0599489, 49.7709103], [6.0598576, 49.7708889], [6.0598324, 49.7708768], [6.0598293, 49.7708601], [6.0598419, 49.7708443], [6.0598373, 49.7708276], [6.0598247, 49.7708193], [6.0597476, 49.7708183], [6.0596924, 49.7708238], [6.0596499, 49.7708238], [6.0596137, 49.7708154], [6.0596059, 49.7708061], [6.0596169, 49.7707968], [6.0596532, 49.7707913], [6.0596752, 49.7707793], [6.0596705, 49.7707644], [6.0595997, 49.7707384], [6.0595384, 49.7707235], [6.0595179, 49.7707281], [6.0595147, 49.7707457], [6.0595037, 49.7707606], [6.059469, 49.7707735], [6.059447, 49.7707642], [6.0594234, 49.7707521], [6.0593951, 49.770753], [6.0593643, 49.7707595], [6.059336, 49.7707521], [6.0593235, 49.7707419], [6.0593424, 49.7707243], [6.0593487, 49.7707048], [6.0593377, 49.7706834], [6.0592733, 49.7706519], [6.059171, 49.770611], [6.0591443, 49.7706109], [6.0591332, 49.7706239], [6.0591316, 49.7706462], [6.0591158, 49.7706601], [6.059078, 49.7706767], [6.0590245, 49.7706776], [6.0589033, 49.7706469], [6.0587822, 49.7706078], [6.0587208, 49.7705901], [6.0586437, 49.7705771], [6.0585508, 49.7705696], [6.058458, 49.7705361], [6.058381, 49.7705073], [6.0582504, 49.7704617], [6.0581159, 49.7704087], [6.0578831, 49.7703241], [6.0576786, 49.770247], [6.057471, 49.770167], [6.0572641, 49.770088], [6.0570518, 49.7700016], [6.056853, 49.7699194], [6.0566602, 49.7698398], [6.0567076, 49.769761], [6.056242, 49.7695778], [6.0558385, 49.7694309], [6.0551637, 49.7691882], [6.0550652, 49.769155], [6.0550285, 49.7691427], [6.0549898, 49.7689626], [6.0549763, 49.7688996], [6.0533263, 49.7688714], [6.05249, 49.7688591], [6.052429, 49.7688582], [6.0524176, 49.7688124], [6.0525938, 49.7688144], [6.0525793, 49.7686419], [6.0525266, 49.7685386], [6.052443, 49.7683629], [6.0523736, 49.7681982], [6.0523713, 49.7681932], [6.051841, 49.7679273], [6.0516028, 49.767813], [6.0512785, 49.7676541], [6.0509743, 49.767498], [6.0506064, 49.7672945], [6.0502445, 49.7670814], [6.0500371, 49.7669393], [6.0498297, 49.7667805], [6.0496623, 49.7667024], [6.0493567, 49.7666242], [6.0491373, 49.7665517], [6.0488755, 49.7664499], [6.0485005, 49.766277], [6.0480583, 49.7660526], [6.0478013, 49.7659063], [6.0469868, 49.7654075], [6.0466143, 49.7651887], [6.0460992, 49.7648557], [6.0458494, 49.7646914], [6.0455465, 49.764506], [6.0453013, 49.7643639], [6.0449547, 49.7641799], [6.0446623, 49.7640544], [6.0443238, 49.7639607], [6.044325, 49.7639587], [6.0448308, 49.7630494], [6.0446896, 49.7630017], [6.0436342, 49.7626451], [6.043616, 49.762639], [6.0435881, 49.7626296], [6.043186, 49.7630216], [6.0426908, 49.7635182], [6.042377, 49.7638407], [6.0422306, 49.7638353], [6.0421986, 49.7638102], [6.0421654, 49.7637562], [6.0421322, 49.7637178], [6.04211, 49.7636826], [6.0421015, 49.763654], [6.0421015, 49.763636], [6.042109, 49.7636248], [6.0421213, 49.763615], [6.0421424, 49.7635993], [6.0421498, 49.7635895], [6.0421585, 49.7635633], [6.0421635, 49.7635513], [6.0421944, 49.7635288], [6.0422155, 49.7635108], [6.0422353, 49.7634748], [6.0422354, 49.7634606], [6.0422121, 49.763393], [6.042174, 49.7633127], [6.0421285, 49.7632248], [6.0420608, 49.7631257], [6.0420313, 49.7630814], [6.0420264, 49.7630641], [6.0420277, 49.7630529], [6.0420339, 49.7630409], [6.042045, 49.7630251], [6.0420513, 49.7630131], [6.0420538, 49.7630004], [6.0420488, 49.7629869], [6.0420316, 49.7629681], [6.0420106, 49.7629523], [6.0419749, 49.762932], [6.0419194, 49.7629004], [6.0418615, 49.7628531], [6.0418295, 49.7628148], [6.0417987, 49.7627585], [6.0417754, 49.7626999], [6.0417705, 49.7626692], [6.0417669, 49.7626286], [6.0417596, 49.7625926], [6.0417535, 49.7625731], [6.0417461, 49.7625528], [6.0417449, 49.7625386], [6.0417536, 49.7625213], [6.0417697, 49.7625033], [6.0417932, 49.7624883], [6.0418242, 49.7624719], [6.0418452, 49.7624509], [6.0418539, 49.7624284], [6.0418515, 49.7624126], [6.0418318, 49.7623818], [6.0418047, 49.7623623], [6.0417578, 49.762327], [6.0417369, 49.7623007], [6.0417209, 49.7622654], [6.0417136, 49.7622361], [6.0417125, 49.7622039], [6.0417113, 49.7621686], [6.0417063, 49.7621283], [6.0416972, 49.7621075], [6.0416813, 49.7620937], [6.0416597, 49.7620826], [6.0416541, 49.7620708], [6.0416507, 49.7620536], [6.0416485, 49.7620127], [6.0416384, 49.7619491], [6.0416181, 49.7618772], [6.0416102, 49.7618585], [6.0416011, 49.7618495], [6.0415739, 49.7618356], [6.0415488, 49.7618308], [6.0415306, 49.7618238], [6.0415113, 49.76181], [6.0415, 49.7617961], [6.0414943, 49.7617754], [6.0414842, 49.7617394], [6.041474, 49.7617152], [6.0414593, 49.7616923], [6.0414525, 49.7616757], [6.0414559, 49.7616591], [6.0414514, 49.761637], [6.0414356, 49.7616038], [6.0414254, 49.7615872], [6.0414106, 49.7615747], [6.0413924, 49.7615567], [6.04138, 49.7615256], [6.0413664, 49.7614896], [6.0413563, 49.7614598], [6.0413574, 49.7614481], [6.0413654, 49.7614294], [6.041378, 49.7614059], [6.0413804, 49.7613686], [6.0413691, 49.7613478], [6.0413509, 49.7613291], [6.0413089, 49.7613056], [6.0412793, 49.7612938], [6.0412463, 49.7612709], [6.041227, 49.7612495], [6.0412225, 49.7612294], [6.0412249, 49.7612093], [6.0412295, 49.76119], [6.0412307, 49.7611706], [6.0412217, 49.761125], [6.0412024, 49.7611035], [6.041191, 49.7610924], [6.0411546, 49.7610723], [6.0411217, 49.7610509], [6.0411081, 49.7610287], [6.041099, 49.7610121], [6.0410865, 49.7610003], [6.0410752, 49.7609775], [6.041073, 49.760956], [6.0410628, 49.7609394], [6.0410583, 49.7609304], [6.041048, 49.7609228], [6.0410344, 49.7609207], [6.0410105, 49.7609214], [6.0409854, 49.7609234], [6.0409706, 49.7609214], [6.0409604, 49.760913], [6.0409525, 49.7609006], [6.0409548, 49.7608923], [6.040973, 49.760875], [6.0409878, 49.760864], [6.0409913, 49.7608522], [6.040989, 49.7608391], [6.0409663, 49.7608176], [6.0409516, 49.7607968], [6.0409459, 49.7607802], [6.0409528, 49.7607643], [6.0409734, 49.7607402], [6.0409882, 49.7607215], [6.0409928, 49.7607097], [6.0409917, 49.7606952], [6.0409803, 49.7606828], [6.0409678, 49.7606724], [6.0409508, 49.7606682], [6.0409235, 49.7606613], [6.0408962, 49.7606536], [6.040878, 49.7606412], [6.0408621, 49.7606252], [6.0408621, 49.7606169], [6.0408645, 49.7606031], [6.0408725, 49.7605865], [6.0408896, 49.7605706], [6.0409135, 49.7605527], [6.0409227, 49.7605388], [6.0409227, 49.7605236], [6.0409113, 49.7605132], [6.0408954, 49.7605063], [6.040867, 49.7605042], [6.0408249, 49.7604924], [6.0407817, 49.7604737], [6.0407442, 49.7604557], [6.0407113, 49.7604203], [6.0406965, 49.7603961], [6.0406966, 49.7603484], [6.0407047, 49.7603242], [6.0407276, 49.7602689], [6.0407436, 49.7602274], [6.0407414, 49.7602005], [6.040729, 49.7601603], [6.0407109, 49.7601264], [6.0406962, 49.7600704], [6.0406873, 49.7600178], [6.0406748, 49.7599812], [6.0406578, 49.7599555], [6.0406272, 49.7599182], [6.0405874, 49.7598828], [6.0405432, 49.7598365], [6.0405284, 49.759815], [6.0405194, 49.7597908], [6.0405195, 49.7597694], [6.0405309, 49.7597369], [6.040531, 49.7597196], [6.0405242, 49.7596815], [6.0405186, 49.7596573], [6.040513, 49.7596338], [6.0405142, 49.7596068], [6.0405279, 49.7595702], [6.0405554, 49.759528], [6.0405816, 49.7595018], [6.0406113, 49.7594693], [6.0406535, 49.7594334], [6.0406718, 49.759403], [6.0406753, 49.7593829], [6.0406629, 49.7593373], [6.0406709, 49.7593068], [6.0406915, 49.759275], [6.0407179, 49.7591962], [6.0407373, 49.7591465], [6.0407488, 49.7591264], [6.0407716, 49.7590981], [6.0407921, 49.7590787], [6.0408366, 49.7590491], [6.0409278, 49.7589911], [6.0409552, 49.7589683], [6.0410043, 49.7589261], [6.0410339, 49.758904], [6.0410841, 49.7588702], [6.0411092, 49.7588495], [6.0411514, 49.7588018], [6.0411913, 49.7587749], [6.0412301, 49.7587583], [6.0412723, 49.7587037], [6.0413225, 49.7586671], [6.0413727, 49.7586423], [6.0414467, 49.7586154], [6.041531, 49.7585947], [6.041605, 49.7585685], [6.0416427, 49.7585437], [6.0417099, 49.7585036], [6.0418558, 49.7584416], [6.0419948, 49.7583774], [6.0420677, 49.7583443], [6.0422853, 49.7582705], [6.0426089, 49.7581533], [6.0427263, 49.7580992], [6.0432392, 49.7581282], [6.0433177, 49.7577613], [6.043479, 49.7570263], [6.0435786, 49.7565724], [6.0428844, 49.7563419], [6.0432362, 49.7560829], [6.0433832, 49.7559721], [6.0434111, 49.7559511], [6.0435666, 49.7558204], [6.0436814, 49.7557238], [6.0437271, 49.7556577], [6.043841, 49.7555012], [6.0439442, 49.7553339], [6.0440689, 49.7551101], [6.0441371, 49.7549817], [6.0442229, 49.7548144], [6.0442737, 49.7546918], [6.0443187, 49.7545495], [6.0443343, 49.7545024], [6.0443541, 49.7543421], [6.0443702, 49.7541217], [6.0443744, 49.7539708], [6.0443727, 49.7538906], [6.0443652, 49.7537998], [6.0443633, 49.7537774], [6.0443309, 49.753564], [6.0442753, 49.7532976], [6.0442296, 49.7531345], [6.0443056, 49.7528297], [6.0443741, 49.7526286], [6.0444224, 49.7524868], [6.0444653, 49.752361], [6.0445159, 49.7522127], [6.0444118, 49.7520914], [6.0442336, 49.7518183], [6.0441483, 49.7516495], [6.0440668, 49.7514557], [6.0439632, 49.7511714], [6.043885, 49.7509933], [6.0438331, 49.7508893], [6.0437946, 49.7508284], [6.043744, 49.7507577], [6.0436734, 49.750674], [6.0435894, 49.7505846], [6.0435161, 49.7505196], [6.0434148, 49.7504367], [6.0433495, 49.7503919], [6.0432708, 49.750344], [6.0431681, 49.7502919], [6.0429866, 49.7502138], [6.0428585, 49.75016], [6.0426917, 49.7501002], [6.0424234, 49.7500122], [6.0423753, 49.7499976], [6.0423472, 49.7500146], [6.0421045, 49.7498927], [6.0415664, 49.7496224], [6.0415182, 49.7495758], [6.0413226, 49.7494063], [6.0411151, 49.7492264], [6.0410118, 49.7491371], [6.0408484, 49.7489976], [6.0407536, 49.7489165], [6.0406628, 49.748839], [6.0404812, 49.7486843], [6.0401076, 49.7483651], [6.0406137, 49.7480657], [6.0411476, 49.7477567], [6.0420824, 49.7472155], [6.0418669, 49.7471276], [6.0412624, 49.7468808], [6.0406818, 49.7468275], [6.0399233, 49.7467577], [6.038888, 49.7466643], [6.0384673, 49.7463203], [6.0380261, 49.7459448], [6.0378689, 49.7458222], [6.0385125, 49.7454613], [6.0377679, 49.7445216], [6.0375135, 49.7438584], [6.0374166, 49.7435925], [6.037318, 49.743317]]]}}]}